DROP DATABASE IF EXISTS sophro;
CREATE DATABASE sophro;
USE sophro;


CREATE TABLE allergy (
    allergy_id INT NOT NULL AUTO_INCREMENT,
	allergy_name VARCHAR(255) NOT NULL,

    PRIMARY KEY(allergy_id),
	UNIQUE KEY(allergy_name)
);

CREATE TABLE ingredient (
    ingredient_id INT NOT NULL AUTO_INCREMENT,
	ingredient_name VARCHAR(255) NOT NULL,
	calorie_count INT NOT NULL,

    PRIMARY KEY(ingredient_id),
	UNIQUE KEY(ingredient_name)
);

CREATE TABLE measurement (
    measurement_id INT NOT NULL AUTO_INCREMENT,
	unit VARCHAR(15) NOT NULL,

    PRIMARY KEY(measurement_id),
	UNIQUE KEY(unit)
);

CREATE TABLE user (
    user_id INT NOT NULL AUTO_INCREMENT,
	username VARCHAR(255) NOT NULL,
	first_name VARCHAR(255) NOT NULL,
	last_name VARCHAR(255) NOT NULL,
	password VARCHAR(255) NOT NULL,

    PRIMARY KEY(user_id),
	UNIQUE KEY(username)
);

CREATE TABLE recipe (
    recipe_id INT NOT NULL AUTO_INCREMENT,
	recipe_name VARCHAR(255) NOT NULL,
	image_url VARCHAR(255) NOT NULL,
	prep_time TIME NOT NULL,
	cook_time TIME NOT NULL,
	creation_date DATETIME NOT NULL,
	culture VARCHAR(255) NOT NULL,
	description VARCHAR(255) NOT NULL,
	created_by INT,

    PRIMARY KEY(recipe_id),
	FOREIGN KEY(created_by) REFERENCES user(user_id) ON DELETE RESTRICT ON UPDATE CASCADE,
	UNIQUE KEY(recipe_name)
);

CREATE TABLE ingredient_allergy (
    allergy_id INT NOT NULL,
	ingredient_id INT NOT NULL,

    PRIMARY KEY(allergy_id, ingredient_id),
	FOREIGN KEY(allergy_id) REFERENCES allergy(allergy_id) ON DELETE CASCADE ON UPDATE CASCADE,
	FOREIGN KEY(ingredient_id) REFERENCES ingredient(ingredient_id) ON DELETE CASCADE ON UPDATE CASCADE
);

CREATE TABLE instruction (
    instruction_id INT NOT NULL AUTO_INCREMENT,
	step_number INT NOT NULL,
	instruction_details VARCHAR(255) NOT NULL,
	recipe_id INT NOT NULL,

    PRIMARY KEY(instruction_id),
	FOREIGN KEY(recipe_id) REFERENCES recipe(recipe_id) ON DELETE CASCADE ON UPDATE CASCADE,
	UNIQUE KEY(instruction_id, step_number, instruction_details, recipe_id)
);

CREATE TABLE recipe_ingredient_measurement (
    recipe_id INT NOT NULL,
	ingredient_id INT NOT NULL,
	measurement_id INT NOT NULL,
	amount FLOAT(2) NOT NULL,

    PRIMARY KEY(recipe_id, ingredient_id),
	FOREIGN KEY(recipe_id) REFERENCES recipe(recipe_id) ON DELETE CASCADE ON UPDATE CASCADE,
	FOREIGN KEY(ingredient_id) REFERENCES ingredient(ingredient_id) ON DELETE CASCADE ON UPDATE CASCADE,
	FOREIGN KEY(measurement_id) REFERENCES measurement(measurement_id) ON DELETE CASCADE ON UPDATE CASCADE
);

CREATE TABLE meal_plan (
    plan_id INT NOT NULL AUTO_INCREMENT,
	for_user INT NOT NULL,

    PRIMARY KEY(plan_id),
	FOREIGN KEY(for_user) REFERENCES user(user_id) ON DELETE CASCADE ON UPDATE CASCADE,
	UNIQUE KEY(for_user)
);

CREATE TABLE planned_meal (
    meal_id INT NOT NULL AUTO_INCREMENT,
	time_of_day ENUM('Breakfast', 'Lunch', 'Dinner') NOT NULL,
	serving_size INT NOT NULL,
	recipe_id INT NOT NULL,
	plan_id INT NOT NULL,

    PRIMARY KEY(meal_id, plan_id),
	FOREIGN KEY(recipe_id) REFERENCES recipe(recipe_id) ON DELETE CASCADE ON UPDATE CASCADE,
	FOREIGN KEY(plan_id) REFERENCES meal_plan(plan_id) ON DELETE CASCADE ON UPDATE CASCADE
);

CREATE TABLE user_allergy (
    user_id INT NOT NULL,
	allergy_id INT NOT NULL,

    PRIMARY KEY(user_id, allergy_id),
	FOREIGN KEY(user_id) REFERENCES user(user_id) ON DELETE CASCADE ON UPDATE CASCADE,
	FOREIGN KEY(allergy_id) REFERENCES allergy(allergy_id) ON DELETE CASCADE ON UPDATE CASCADE
);

CREATE TABLE in_stock (
    user_id INT NOT NULL,
	ingredient_id INT NOT NULL,
	stock_quantity INT NOT NULL,

    PRIMARY KEY(user_id, ingredient_id),
	FOREIGN KEY(user_id) REFERENCES user(user_id) ON DELETE CASCADE ON UPDATE CASCADE,
	FOREIGN KEY(ingredient_id) REFERENCES ingredient(ingredient_id) ON DELETE CASCADE ON UPDATE CASCADE
);

CREATE VIEW user_allergy_joined
AS

SELECT
    u.user_id,
    jua.allergy_id,
    jua.allergy_name,
    u.username,
    u.first_name,
    u.last_name
FROM
    user u
    JOIN
        (
            SELECT 
                ua.allergy_id,
                a.allergy_name,
                ua.user_id
            FROM
                user_allergy ua
                JOIN allergy a
                ON a.allergy_id=ua.allergy_id
        ) jua
    ON jua.user_id=u.user_id
;
    
CREATE VIEW user_allergy_joined_agg
AS

SELECT
    u.user_id,
    u.username,
    u.first_name,
    u.last_name,
    JSON_ARRAYAGG(
        JSON_OBJECT(
            'allergy_id',
            u.allergy_id,
            'allergy_name',
            u.allergy_name
        )
    ) allergies
FROM
    user_allergy_joined u
    GROUP BY u.user_id
;
    
CREATE VIEW ingredient_allergy_joined
AS

SELECT
    i.ingredient_id,
    jia.allergy_name,
    jia.allergy_id,
    i.ingredient_name,
    i.calorie_count
FROM
    ingredient i
    JOIN
        (
            SELECT 
                a.allergy_name,
                a.allergy_id,
                ia.ingredient_id
            FROM
                ingredient_allergy ia
                JOIN allergy a
                ON a.allergy_id=ia.allergy_id
        ) jia
    ON jia.ingredient_id=i.ingredient_id
;
    
CREATE VIEW ingredient_allergy_joined_agg
AS

SELECT
    ingredient_id,
    ingredient_name,
    calorie_count,
    JSON_ARRAYAGG(
        JSON_OBJECT(
            'allergy_id',
            allergy_id,
            'allergy_name',
            allergy_name
        )
    ) allergies
FROM ingredient_allergy_joined
GROUP BY ingredient_id
;
    
CREATE VIEW user_in_stock_joined
AS

SELECT 
    u.user_id,
    u.username,
    u.first_name,
    u.last_name,
    u.allergy_id,
    si.allergy_name,
    si.ingredient_id,
    si.ingredient_name,
    si.calorie_count,
    si.stock_quantity,
    si.allergy_id ing_allergy_id,
    si.allergy_name ing_allergy_name
FROM 
    user_allergy_joined u
    JOIN
        (
            SELECT 
                s.stock_quantity,
                i.ingredient_id,
                i.ingredient_name,
                i.calorie_count,
                i.allergy_id,
                i.allergy_name,
                s.user_id
            FROM
                in_stock s
                JOIN ingredient_allergy_joined i
                ON i.ingredient_id=s.ingredient_id
        ) si
    ON si.user_id=u.user_id
;
    
CREATE VIEW user_in_stock_joined_agg
AS

SELECT 
    u.user_id,
    u.username,
    u.first_name,
    u.last_name,
    u.allergies,
    JSON_ARRAYAGG(
        JSON_OBJECT(
            'ingredient',
            JSON_OBJECT(
                'ingredient_id',
                si.ingredient_id,
                'ingredient_name',
                si.ingredient_name,
                'calorie_count',
                si.calorie_count,
                'allergies',
                si.allergies
            ),
            'stock_quantity',
            si.stock_quantity
        )
    ) stock
FROM
    user_allergy_joined_agg u
    JOIN
        (
            SELECT 
                s.stock_quantity,
                i.ingredient_id,
                i.ingredient_name,
                i.calorie_count,
                i.allergies,
                s.user_id
            FROM
                in_stock s
                JOIN ingredient_allergy_joined_agg i
                ON i.ingredient_id=s.ingredient_id
        ) si
    ON si.user_id=u.user_id
    GROUP BY u.user_id
;
    
CREATE VIEW ingredient_measurement_joined
AS

SELECT 
    rimj.ingredient_id,
    rimj.ingredient_name,
    m.measurement_id,
    rimj.amount,
    m.unit,
    rimj.allergy_id,
    rimj.allergy_name,
    rimj.calorie_count,
    rimj.recipe_id
FROM 
    measurement m 
    JOIN 
        (
            SELECT 
                rim.recipe_id,
                rim.ingredient_id,
                ing.ingredient_name,
                ing.calorie_count,
                rim.measurement_id,
                rim.amount,
                ing.allergy_id,
                ing.allergy_name
            FROM 
                recipe_ingredient_measurement rim 
                JOIN ingredient_allergy_joined ing 
                ON ing.ingredient_id=rim.ingredient_id
        ) rimj 
    ON rimj.measurement_id=m.measurement_id
;
    
CREATE VIEW ingredient_measurement_joined_agg
AS

SELECT
    im.recipe_id,
    SUM(im.calorie_count) total_calories,
    JSON_ARRAYAGG(
        JSON_OBJECT(
            'ingredient',JSON_OBJECT('ingredient_id', im.ingredient_id,'ingredient_name',im.ingredient_name, 'calore_count',im.calorie_count), 
            'measurement', JSON_OBJECT('amount', im.amount,'unit', im.unit )
        )
    ) ingredients
FROM ingredient_measurement_joined im
GROUP BY im.recipe_id
;
    
CREATE VIEW instruction_agg
AS

SELECT
    recipe_id,
    JSON_ARRAYAGG(
        JSON_OBJECT(
            'instruction_id',
            instruction_id,
            'step_number',
            step_number,
            'instruction_details',
            instruction_details
        )
    ) instructions
FROM instruction
GROUP BY recipe_id
;
    
CREATE VIEW all_recipes
AS

SELECT 
    ri.recipe_id,
    ri.recipe_name,
    ri.image_url,
    ri.prep_time,
    ri.cook_time,
    ri.creation_date,
    ri.culture,
    ri.description,
    ri.created_by,
    ri.instruction_id,
    ri.step_number,
    ri.instruction_details,
    rimj.ingredient_id,
    rimj.ingredient_name,
    rimj.measurement_id,
    rimj.amount,
    rimj.unit,
    rimj.allergy_id,
    rimj.allergy_name,
    rimj.calorie_count
FROM
    ingredient_measurement_joined rimj
    JOIN
    (
        SELECT
            r.recipe_id,
            r.recipe_name,
            r.image_url,
            r.prep_time,
            r.cook_time,
            r.creation_date,
            r.culture,
            r.description,
            r.created_by,
            instr.instruction_id,
            instr.step_number,
            instr.instruction_details
        FROM recipe r JOIN instruction instr ON instr.recipe_id=r.recipe_id
    ) ri
    ON ri.recipe_id=rimj.recipe_id
;
    
CREATE VIEW all_recipes_agg
AS

SELECT 
    ri.recipe_id,
    ri.recipe_name,
    ri.image_url,
    ri.prep_time,
    ri.cook_time,
    ri.creation_date,
    ri.culture,
    ri.description,
    ri.instructions,
    jimr.ingredients,
    jimr.total_calories
FROM
    ingredient_measurement_joined_agg jimr 
    JOIN
    (
        SELECT 
            r.recipe_id, 
            r.recipe_name,
            r.image_url,
            r.prep_time,
            r.cook_time,
            r.creation_date,
            r.culture,
            r.description,
            created_by created_by_id, 
            instr.instructions
        FROM recipe r JOIN instruction_agg instr ON instr.recipe_id=r.recipe_id
        GROUP BY r.recipe_id
    ) ri
    ON ri.recipe_id=jimr.recipe_id
    GROUP BY ri.recipe_id
;
    
CREATE VIEW planned_meal_recipe_joined
AS

SELECT 
    a.recipe_id,
    a.recipe_name,
    a.image_url,
    a.prep_time,
    a.cook_time,
    a.creation_date,
    a.culture,
    a.description,
    a.created_by,
    a.instruction_id,
    a.step_number,
    a.instruction_details,
    a.ingredient_id,
    a.ingredient_name,
    a.measurement_id,
    a.amount,
    a.unit,
    a.allergy_id,
    a.allergy_name,
    a.calorie_count,
    p.meal_id,
    p.serving_size,
    p.plan_id,
    p.time_of_day
FROM
    planned_meal p JOIN all_recipes a ON p.recipe_id=a.recipe_id
;
    
CREATE VIEW planned_meal_recipe_joined_agg
AS

SELECT
    a.recipe_id,
    a.recipe_name,
    a.image_url,
    a.prep_time,
    a.cook_time,
    a.creation_date,
    a.culture,
    a.description,
    a.instructions,
    a.ingredients,
    a.total_calories,
    p.meal_id,
    p.serving_size,
    p.plan_id,
    p.time_of_day
FROM
    planned_meal p JOIN all_recipes_agg a ON p.recipe_id=a.recipe_id
;
    
CREATE VIEW meal_plans_with_planned_meals
AS

SELECT
    m.plan_id,
    m.for_user,
    p.recipe_id,
    p.recipe_name,
    p.image_url,
    p.prep_time,
    p.cook_time,
    p.creation_date,
    p.culture,
    p.description,
    p.created_by,
    p.instruction_id,
    p.step_number,
    p.instruction_details,
    p.ingredient_id,
    p.ingredient_name,
    p.measurement_id,
    p.amount,
    p.unit,
    p.allergy_id,
    p.allergy_name,
    p.calorie_count,
    p.meal_id,
    p.serving_size,
    p.time_of_day
FROM
    meal_plan m JOIN planned_meal_recipe_joined p ON p.plan_id=m.plan_id
;
    
CREATE VIEW meal_plans_with_planned_meals_agg
AS

SELECT 
    m.for_user, 
    m.plan_id,
    JSON_ARRAYAGG(JSON_OBJECT(
        'image_url',
        p.image_url,
        'recipe_name',
        p.recipe_name,
        'time_of_day',
        p.time_of_day,
        'serving_size', 
        p.serving_size,
        'prep_time',
        p.prep_time,
        'cook_time',
        p.cook_time,
        'creation_date',
        p.creation_date,
        'instructions',
        p.instructions,
        'ingredients',
        p.ingredients,
        'culture',
        p.culture,
        'description',
        p.description)) planned_meals
FROM
    meal_plan m JOIN planned_meal_recipe_joined_agg p ON p.plan_id=m.plan_id
;
    
CREATE VIEW shopping_lists
AS

SELECT
    pa.for_user,
    u.username,
    u.first_name,
    u.last_name,
    pa.ingredient_name,
    u.stock_quantity,
    pa.total_amount amount_needed,
    pa.unit
FROM
    user_in_stock_joined u
    JOIN 
        (
            SELECT
                p.for_user,
                p.ingredient_name,
                SUM(p.amount) total_amount,
                p.unit
            FROM
                meal_plans_with_planned_meals p
            GROUP BY p.for_user, p.ingredient_name
        ) pa
    ON pa.for_user=u.user_id
GROUP BY pa.for_user, pa.ingredient_name
;
    
DELIMITER //

CREATE PROCEDURE insert_recipe(IN mew_image_url VARCHAR(255), IN new_prep_time TIME, IN new_cook_time TIME, IN new_creation_date DATETIME, IN new_culture VARCHAR(255), IN new_description VARCHAR(255), IN new_created_by INT, OUT new_id INT)
BEGIN
    
    INSERT INTO recipe(image_url, prep_time, cook_time,  creation_date, culture, description, created_by)
    VALUES (new_image_url, new_prep_time, new_cook_time, new_creation_date, new_culture, new_description, new_created_by);
    SET new_id = LAST_INSERT_ID();
    
END //

DELIMITER ;

DELIMITER //

CREATE PROCEDURE insert_allergy(IN new_allergy VARCHAR(255), OUT new_id INT)
BEGIN
    
    INSERT INTO allergy(allergy_name) VALUES(new_allergy);
    SET new_id = LAST_INSERT_ID();
    
END //

DELIMITER ;

DELIMITER //

CREATE PROCEDURE insert_user(IN new_username VARCHAR(255), IN new_first_name VARCHAR(255), IN new_last_name VARCHAR(255), IN new_password VARCHAR(255), OUT new_id INT)
BEGIN
    
    INSERT INTO user(username, first_name, last_name, password) VALUES
    (new_username, new_first_name, new_last_name, password);
    SET new_id = LAST_INSERT_ID();
    
END //

DELIMITER ;

DELIMITER //

CREATE PROCEDURE insert_user_with_allergy(IN new_username VARCHAR(255), IN new_first_name VARCHAR(255), IN new_last_name VARCHAR(255), IN new_password VARCHAR(255), IN allergy_id INT, OUT new_id INT)
BEGIN
    
    INSERT INTO user(username, first_name, last_name, password) VALUES
    (new_username, new_first_name, new_last_name, password);
    SET new_id = LAST_INSERT_ID();
    CALL insert_user_allergy(new_id, allergy_id);
    
END //

DELIMITER ;

DELIMITER //

CREATE PROCEDURE delete_record(IN table_name VARCHAR(255), IN id VARCHAR(255), IN value INT)
BEGIN
    
    DELETE FROM table_name WHERE id=value;
END //

DELIMITER ;

DELIMITER //

CREATE PROCEDURE get_user_meal_plan(IN uid INT)
BEGIN
    
    SELECT *
    FROM
        meal_plans_with_planned_meals_agg m
    WHERE m.for_user=uid;
    
END //

DELIMITER ;

DELIMITER //

CREATE PROCEDURE get_user_shopping_list(IN user_id INT)
BEGIN
    
    SELECT *
    FROM shopping_lists s WHERE s.for_user=user_id;
    
END //

DELIMITER ;

DELIMITER //

CREATE PROCEDURE get_one_user(IN uid INT)
BEGIN
    
    SELECT * FROM user_allergy_joined WHERE user_id=uid;
    
END //

DELIMITER ;

INSERT INTO user VALUES
    (1, 'ttownsend', 'Erin', 'Blankenship', 'T7+RlQIt((t6'),
	(2, 'pamela80', 'Brenda', 'Summers', 'z0K#PVID1oed'),
	(3, 'randy13', 'Christian', 'Snyder', 'vxpaMzVx&gM8'),
	(4, 'veronicaavila', 'Jeffery', 'Terry', '&Vt0ANL)n2R#'),
	(5, 'ashleyhunter', 'Amber', 'Cox', '_x^3^XnY(x*4'),
	(6, 'morankimberly', 'Danielle', 'Woodard', 'P+hnJhi#E729'),
	(7, 'ellen65', 'Emily', 'Mullins', 'M4Pu&TnV^3Vw'),
	(8, 'sheakristen', 'Laura', 'Howard', '(2(%V(%Kb7Wx'),
	(9, 'susansmith', 'Sally', 'Ortiz', '4_2wKdI0@*UL'),
	(10, 'dana89', 'Kristin', 'Cook', '^_q@_7Vx^r85'),
	(11, 'kim62', 'Tristan', 'Smith', 'uJ6)1r8!&SZU'),
	(12, 'rachelstevens', 'David', 'Duke', '*5QiGzI&!0@^'),
	(13, 'bradley94', 'Jonathan', 'Davis', '_Ve1+(p2s&x7'),
	(14, 'johnsontanya', 'Robert', 'Schultz', 'nS5x57IgD8X_'),
	(15, 'caitlinsmith', 'Andrea', 'Wilson', '4AI(4nYroS87'),
	(16, 'campbelljason', 'Tara', 'Garcia', '$4M6Xh*Gj!P^'),
	(17, 'angelamcdonald', 'Kenneth', 'Adams', 'jrN)hccm#H5Q'),
	(18, 'nealdiana', 'Michael', 'Hill', '&+IaxxI8$#C7'),
	(19, 'yabbott', 'Chelsea', 'Hurst', '#378YiJdBIQ*'),
	(20, 'cherylbradley', 'James', 'Holt', '#A6V!9ilqPvB'),
	(21, 'beckerwilliam', 'Kimberly', 'Hardy', 'b$(BnPk1rp3^'),
	(22, 'jack12', 'Nicole', 'Burton', 'H^MQ6hzjn^2y'),
	(23, 'gryan', 'Daniel', 'Byrd', '5%8#)l3UzEES'),
	(24, 'sleonard', 'Kathy', 'Mueller', 'Xi4AR^ybwY!D'),
	(25, 'vcalhoun', 'Denise', 'Case', '+SPI@jGCgz65'),
	(26, 'tsnow', 'Brett', 'Macdonald', 'zB6TMTm0Z!bc'),
	(27, 'michael75', 'Erik', 'Dorsey', ')vUH_toovJH1'),
	(28, 'scottjohn', 'Nancy', 'Garcia', 'Ht10UTDhF@2U'),
	(29, 'michaeljacobs', 'Mary', 'Wilson', 'c0S50AyR^d5C'),
	(30, 'willienorton', 'Kathryn', 'Robinson', 'oq%oR(U35&O3'),
	(31, 'debra61', 'Thomas', 'Davis', '+3fuPdEb^3Wy'),
	(32, 'hpatel', 'Phillip', 'Pearson', '4fGzCba5Q#8t'),
	(33, 'jeffreystevens', 'Tim', 'Cook', '(Bf*9LDt@_8M'),
	(34, 'gcunningham', 'Heather', 'Scott', 'GSRgNgEcx$M0'),
	(35, 'amckee', 'David', 'Davis', 'K$3l0PcdOqM6'),
	(36, 'bmiller', 'James', 'Mann', '^@##QYrkE2lc'),
	(37, 'wisedennis', 'Juan', 'Meza', 'LJCOAn8l($3a'),
	(38, 'jcombs', 'Jonathan', 'Johnson', 'as+q0ThMsmpS'),
	(39, 'mark85', 'Kevin', 'Young', 'J(9Rrmud%8S@'),
	(40, 'ayersdarren', 'Javier', 'Richards', ')B7FKv_ahN!5'),
	(41, 'cherylcontreras', 'Karla', 'Solomon', 'QZ+uYmDt*0&b'),
	(42, 'manningbrandon', 'Aimee', 'Malone', 'CJR%8vHqYpKe'),
	(43, 'weaverrenee', 'Barbara', 'Sanders', '47^Dim9M7U@)'),
	(44, 'nicholas58', 'Anne', 'Ortiz', 'f%(BBvVXL(9P'),
	(45, 'sherry06', 'Kyle', 'Morton', 'Y6MLSH(mj^v*'),
	(46, 'amandaeaton', 'Andrew', 'Shields', '((wScV_3&Mi9'),
	(47, 'christinajones', 'Kevin', 'Aguilar', 'HGTKy_7v*f3e'),
	(48, 'johnsoncorey', 'Jonathan', 'Riley', 'Q+kI9(lh)H1$'),
	(49, 'taylorjade', 'Hannah', 'Becker', '(^$Lv1RqgM4S'),
	(50, 'michael22', 'Andre', 'Palmer', 'H)Aj*inbhg0V');

INSERT INTO recipe VALUES
    (1, 'Aromatic and Gourmet Chicken Soup and Pecan Pie', 'https://placeimg.com/929/710/any', '03:23:50', '02:46:31', '2021-04-03 19:31:18', 'Lao', 'Bad inside information student bill author large. Around according week forget pass law blood.', 50),
	(2, 'Gourmet Bland Apple Pie and Rice and Peas', 'https://www.lorempixel.com/356/800', '01:06:44', '02:11:19', '2021-04-03 19:31:18', 'Ganda', 'Strategy film mother talk wide television in top.', 1),
	(3, 'Juicy and Burnt Bread Shepards Pie', 'https://placeimg.com/670/424/any', '02:49:07', '03:17:55', '2021-04-03 19:31:18', 'Tibetan', 'Myself purpose pretty fine set with color finally. Professional walk such information ability. Change inside beyond inside customer agent kid.', 50),
	(4, 'Blazed Caramelized Cornmeal Porridge Beef Lasagne', 'https://www.lorempixel.com/142/447', '02:28:46', '02:26:17', '2021-04-03 19:31:18', 'Sardinian', 'Accept as positive field available open anything. Offer their million current memory along. By reduce modern.', 33),
	(5, 'Juicy Tasty Icecream Red Peas Soup', 'https://dummyimage.com/271x460', '01:34:16', '01:38:58', '2021-04-03 19:31:18', 'Persian', 'Election never treatment both father hour hundred result. Federal civil fear watch.', 3),
	(6, 'Caramelized and Briny Beef Lasagne Chicken Soup', 'https://dummyimage.com/945x871', '00:23:07', '00:25:22', '2021-04-03 19:31:18', 'Russian', 'Big really Mr improve water director. Dinner poor down produce everybody including director.', 48),
	(7, 'Gourmet and Burnt Shepards Pie and Cornmeal Porridge', 'https://placeimg.com/126/826/any', '01:05:08', '02:57:22', '2021-04-03 19:31:18', 'Lao', 'Trial town organization writer. Push almost itself police education once hospital.', 8),
	(8, 'Roasted and Juicy Taco and Shepards Pie', 'https://dummyimage.com/542x993', '03:38:24', '01:29:50', '2021-04-03 19:31:18', 'Yiddish', 'Town option stuff especially tell certainly drive. Body could site model industry adult almost heavy.', 1),
	(9, 'Ample and Acidic Chicken Soup Plantain Porridge', 'https://dummyimage.com/854x237', '00:49:32', '02:28:56', '2021-04-03 19:31:18', 'Kalaallisut', 'Hour daughter also heart smile past claim. Project national ten create.', 10),
	(10, 'Burnt Appetizing Stew Peas Shepards Pie', 'https://dummyimage.com/250x74', '01:34:44', '01:18:30', '2021-04-03 19:31:18', 'Ido', 'Establish trial just respond this open sea art. Food good name space most.', 23),
	(11, 'Brown and Briny Cheesecake and Dahl', 'https://www.lorempixel.com/136/557', '02:30:23', '03:36:53', '2021-04-03 19:31:18', 'Tigrinya', 'Drug wonder paper protect.', 37),
	(12, 'Briny Burnt Apple Pie Muffin', 'https://placekitten.com/186/682', '03:45:06', '01:44:33', '2021-04-03 19:31:18', 'Dutch', 'Both seat ground skill. Measure across lay drop deal rock clear safe. Agreement anyone team compare Republican college score.', 29),
	(13, 'Ample Calorie Dahl Milkshake', 'https://placekitten.com/286/866', '01:36:34', '02:34:30', '2021-04-03 19:31:18', 'English', 'Get quality image art. Standard system down source certainly.', 14),
	(14, 'Acid and Blunt Dahl and Milkshake', 'https://dummyimage.com/746x719', '01:58:09', '02:14:27', '2021-04-03 19:31:18', 'Albanian', 'Fill enjoy everything sort clear article. Laugh somebody alone whatever.', 3),
	(15, 'Baked Boiled Taco and Shepards Pie', 'https://www.lorempixel.com/912/933', '02:25:35', '01:45:48', '2021-04-03 19:31:18', 'Aragonese', 'Clearly show ability help ok wall. With us water spend voice. Phone floor cup design see nor understand always. Through building example conference baby open.', 8),
	(16, 'Tasty and Baked Milkshake Stew Peas', 'https://www.lorempixel.com/621/81', '01:34:35', '02:41:23', '2021-04-03 19:31:18', 'Faroese', 'Drop example really mother. Lay national camera I thank. Someone north pick artist stand poor research.', 33),
	(17, 'Roasted Aromatic Cornmeal Porridge Cream of Pumpkin Soup', 'https://dummyimage.com/261x160', '01:39:49', '03:58:13', '2021-04-03 19:31:18', 'Gujarati', 'Course see accept speak traditional. Others necessary now sit. Happy owner throw throw.', 36),
	(18, 'Boiled Aromatic Rice and Peas and Stew Peas', 'https://placeimg.com/763/577/any', '01:01:54', '01:07:58', '2021-04-03 19:31:18', 'Bislama', 'Figure state evening name. Toward too price foot. Be ball whole mean federal season present. General southern break describe seven.', 42),
	(19, 'Brown Acidic Plantain Porridge Pecan Pie', 'https://dummyimage.com/387x843', '02:56:05', '01:07:16', '2021-04-03 19:31:18', 'Nauru', 'Window people senior best. Prevent significant travel seek according while.', 44),
	(20, 'Aromatic Bitter Chicken Red Peas Soup', 'https://placeimg.com/759/400/any', '02:00:42', '02:04:35', '2021-04-03 19:31:18', 'Sardinian', 'Simply through expert brother. Late want let base nice. Unit nation leader heavy themselves listen describe onto.', 32),
	(21, 'Boiled and Aromatic Fried Rice Muffin', 'https://www.lorempixel.com/685/935', '03:02:16', '03:20:49', '2021-04-03 19:31:18', 'Western Frisian', 'Never however bill education. Account various study piece finally.', 23),
	(22, 'Acid Boiled Chicken Soup and Beef Lasagne', 'https://www.lorempixel.com/317/932', '00:33:21', '00:55:59', '2021-04-03 19:31:18', 'Slovenian', 'Agreement special to picture movement. Speech draw visit sing. Too nothing with language apply future last above.', 23),
	(23, 'Gourmet and Candied Brownies and Stew Peas', 'https://dummyimage.com/1007x152', '00:13:26', '02:59:40', '2021-04-03 19:31:18', 'Chinese', 'Animal blood difficult physical series century will. Practice car conference here system. Be above quite when between.', 43),
	(24, 'Juicy Crisp,Crunchy Muffin and Icecream', 'https://placeimg.com/0/304/any', '01:27:26', '01:08:37', '2021-04-03 19:31:18', 'Ndonga', 'For body southern information. Side character real high. Arrive choice quickly resource rest heavy simply.', 44),
	(25, 'Buttered and Crisp,Crunchy Stew Peas Rice and Peas', 'https://dummyimage.com/391x103', '03:27:54', '03:54:48', '2021-04-03 19:31:18', 'Malayalam', 'Kind music century accept tonight number. Leave president force other bad area.', 33),
	(26, 'Blended Blunt Red Peas Soup Shepards Pie', 'https://placeimg.com/897/411/any', '02:45:06', '03:39:42', '2021-04-03 19:31:18', 'Sinhala', 'Speak community step picture. Visit mother trade truth need. Some work us start.', 5),
	(27, 'Candied Astringent Apple Pie and Plantain Porridge', 'https://placeimg.com/456/990/any', '00:55:18', '03:36:34', '2021-04-03 19:31:18', 'Kashmiri', 'Partner here statement big music focus can. Degree pay affect trial throw price sort.', 22),
	(28, 'Gourmet and Bitter Chicken Cream of Pumpkin Soup', 'https://placekitten.com/549/215', '00:19:50', '00:24:42', '2021-04-03 19:31:18', 'Bulgarian', 'Food situation thank school baby. Fund color office hold human her so.', 12),
	(29, 'Brown Buttered Plantain Porridge Wonton Soup', 'https://placekitten.com/543/748', '01:34:27', '00:27:59', '2021-04-03 19:31:18', 'Kashmiri', 'Rise hope like interview reach value discover. Possible ok morning similar.', 11),
	(30, 'Briny and Juicy Apple Pie Chicken', 'https://placekitten.com/368/787', '00:21:15', '01:33:08', '2021-04-03 19:31:18', 'Akan', 'Republican wife though population someone. Poor best career important. Nothing scene gas space station discuss task.', 9),
	(31, 'Tasty and Brown Dahl and Brownies', 'https://placeimg.com/13/642/any', '00:43:07', '03:28:34', '2021-04-03 19:31:18', 'Samoan', 'Risk analysis box treat certainly animal marriage heavy. Trial item live answer throw issue really. Hard apply since catch this.', 44),
	(32, 'Candied and Ample Cheesecake Stew Peas', 'https://placeimg.com/773/623/any', '01:59:50', '00:49:54', '2021-04-03 19:31:18', 'Nauru', 'Run improve production as fly still pass. There value center heart.', 39),
	(33, 'Baked and Juicy Chop Suey Plantain Porridge', 'https://placekitten.com/1002/762', '01:01:46', '01:52:13', '2021-04-03 19:31:18', 'Welsh', 'Form start rule give cup. When Mr smile spring. Agent space than debate start.', 43),
	(34, 'Buttered and Burnt Plantain Porridge and Stew Peas', 'https://placekitten.com/412/192', '02:27:19', '02:32:08', '2021-04-03 19:31:18', 'Burmese', 'End tree so main attorney herself. Threat quality month make city follow coach. Image stay American save everybody large prove. Major black owner.', 18),
	(35, 'Beautiful and Boiled Bread Chop Suey', 'https://www.lorempixel.com/332/644', '03:18:25', '00:55:17', '2021-04-03 19:31:18', 'Luxembourgish', 'Treatment until agreement goal. Paper heart focus move since.', 31),
	(36, 'Acidic Blended Bread Wonton Soup', 'https://dummyimage.com/699x337', '01:45:12', '03:47:49', '2021-04-03 19:31:18', 'Avestan', 'Talk born take its building. May human financial act send determine only.', 11),
	(37, 'Caramelized Burnt Plantain Porridge and Chop Suey', 'https://dummyimage.com/947x349', '02:03:27', '02:48:47', '2021-04-03 19:31:18', 'Nepali', 'School student ability spend picture camera agreement right. Near act which back. Watch indicate serve challenge.', 29),
	(38, 'Roasted and Caramelized Chicken Bread', 'https://placekitten.com/527/286', '02:11:16', '03:40:21', '2021-04-03 19:31:18', 'Bislama', 'Check determine set different write. Cause exist purpose level war thank teach beyond.', 29),
	(39, 'Appealing Ample Pecan Pie and Rice and Peas', 'https://placeimg.com/687/264/any', '02:19:56', '03:42:07', '2021-04-03 19:31:18', 'Aragonese', 'Next response factor window reflect drug include. Family evening protect. Century require worker who pattern best story president.', 36),
	(40, 'Acidic Brown Cheesecake Chop Suey', 'https://placeimg.com/840/988/any', '02:26:31', '02:55:02', '2021-04-03 19:31:18', 'Irish', 'Save might than magazine nature either possible bill. Onto page growth administration black long west.', 27),
	(41, 'Buttered and Caked Rice and Peas Cheesecake', 'https://placekitten.com/200/158', '02:09:07', '00:50:59', '2021-04-03 19:31:18', 'Tibetan', 'National level little discuss.', 35),
	(42, 'Candied and Acid Plantain Porridge Brownies', 'https://placekitten.com/202/68', '02:50:23', '03:57:23', '2021-04-03 19:31:18', 'Kirghiz', 'Its same care between. Everybody eight stay his dark.', 44),
	(43, 'Astringent and Acid Brownies Cheesecake', 'https://placeimg.com/636/434/any', '00:16:16', '00:32:11', '2021-04-03 19:31:18', 'Kirghiz', 'Concern middle former campaign late treatment. Establish brother pull series animal.', 19),
	(44, 'Crisp,Crunchy and Briny Dahl Icecream', 'https://placekitten.com/74/973', '01:02:36', '03:52:21', '2021-04-03 19:31:18', 'Aymara', 'Floor car against bank me. Foot market visit social because safe other energy.', 29),
	(45, 'Blunt Calorie Plantain Porridge and Chicken Soup', 'https://www.lorempixel.com/973/604', '01:33:57', '01:29:09', '2021-04-03 19:31:18', 'Esperanto', 'Commercial whole third go son. Recent cut cup section yet fear.', 31),
	(46, 'Tasty Calorie Pecan Pie and Red Peas Soup', 'https://dummyimage.com/183x856', '00:59:03', '01:39:37', '2021-04-03 19:31:18', 'North Ndebele', 'Lay discussion central ground result. Growth a police item fund.', 15),
	(47, 'Aromatic and Appealing Chop Suey Beef Lasagne', 'https://dummyimage.com/923x948', '01:12:09', '00:29:41', '2021-04-03 19:31:18', 'Fulah', 'Technology authority senior great. Figure discussion less couple meeting. Phone gun prepare amount child step say family.', 41),
	(48, 'Caked Juicy Apple Pie and Beef Lasagne', 'https://placekitten.com/668/639', '01:37:09', '02:18:54', '2021-04-03 19:31:18', 'Arabic', 'Let garden lay member. Special treatment her science maybe if keep. Help blood southern hard create.', 26),
	(49, 'Acid Blended Muffin and Apple Pie', 'https://placeimg.com/246/938/any', '02:09:30', '02:57:35', '2021-04-03 19:31:18', 'Irish', 'Cell animal hard direction black. School professional perhaps program teach foot form. Generation central partner difficult summer power increase.', 24),
	(50, 'Balsamic and Crisp,Crunchy Milkshake and Cream of Pumpkin Soup', 'https://www.lorempixel.com/911/641', '03:59:56', '00:00:11', '2021-04-03 19:31:18', 'Welsh', 'Standard west politics month amount whether. Understand stage claim region. Candidate growth effort project debate chance either.', 41);

INSERT INTO ingredient VALUES
    (1, 'meat cuts', 2158),
	(2, 'file powder', 376),
	(3, 'smoked sausage', 1683),
	(4, 'okra', 496),
	(5, 'shrimp', 2229),
	(6, 'andouille sausage', 187),
	(7, 'water', 974),
	(8, 'paprika', 2399),
	(9, 'hot sauce', 1663),
	(10, 'garlic cloves', 1846),
	(11, 'browning', 1887),
	(12, 'lump crab meat', 377),
	(13, 'vegetable oil', 902),
	(14, 'all-purpose flour', 1467),
	(15, 'freshly ground pepper', 414),
	(16, 'flat leaf parsley', 1852),
	(17, 'boneless chicken skinless thigh', 2399),
	(18, 'dried thyme', 1555),
	(19, 'white rice', 1897),
	(20, 'yellow onion', 1930),
	(21, 'ham', 1987),
	(22, 'baking powder', 533),
	(23, 'eggs', 2126),
	(24, 'raisins', 175),
	(25, 'milk', 54),
	(26, 'white sugar', 884);

INSERT INTO allergy VALUES
    (1, 'Nut Allergy'),
	(2, 'Oral Allergy Syndrome'),
	(3, 'Stone Fruit Allergy'),
	(4, 'Insulin Allergy'),
	(5, 'Allium Allergy'),
	(6, 'Histamine Allergy'),
	(7, 'Gluten Allergy'),
	(8, 'Legume Allergy'),
	(9, 'Salicylate Allergy'),
	(10, 'Cruciferous Allergy'),
	(11, 'Lactose intolerance'),
	(12, 'Shellfish Allergy'),
	(13, 'Sugar Allergy / Intolerance'),
	(14, 'Procrastination Allergy'),
	(15, 'Soy allergy'),
	(16, 'Caffine Sensitivity'),
	(17, 'FODMAPs Sensitivity'),
	(18, 'Sulfite Sensitivity'),
	(19, 'Fructose Sensitivity'),
	(20, 'Aspartame Sensitivity'),
	(21, 'Egg Sensitivity'),
	(22, 'MSG Sensitivity'),
	(23, 'Yeast Allergy');

INSERT INTO ingredient_allergy VALUES
    (4, 1),
	(20, 2),
	(10, 3),
	(21, 4),
	(22, 5),
	(11, 6),
	(4, 7),
	(23, 8),
	(8, 9),
	(9, 10),
	(10, 11),
	(18, 12),
	(10, 13),
	(4, 14),
	(22, 15),
	(17, 16),
	(1, 17),
	(16, 18),
	(4, 19),
	(8, 20),
	(16, 21),
	(22, 22),
	(5, 23),
	(19, 24),
	(14, 25);

INSERT INTO instruction VALUES
    (1, 1, 'Experience ago operation. Sign change beautiful green even. Difference show just know explain cover real.', 39),
	(2, 2, 'Experience ago operation. Sign change beautiful green even. Difference show just know explain cover real.', 39),
	(3, 3, 'Experience ago operation. Sign change beautiful green even. Difference show just know explain cover real.', 39),
	(4, 4, 'Experience ago operation. Sign change beautiful green even. Difference show just know explain cover real.', 39),
	(5, 1, 'Explain money cover after billion car pick. Economic will reflect space level none.', 4),
	(6, 2, 'Explain money cover after billion car pick. Economic will reflect space level none.', 4),
	(7, 3, 'Explain money cover after billion car pick. Economic will reflect space level none.', 4),
	(8, 4, 'Explain money cover after billion car pick. Economic will reflect space level none.', 4),
	(9, 5, 'Explain money cover after billion car pick. Economic will reflect space level none.', 4),
	(10, 6, 'Explain money cover after billion car pick. Economic will reflect space level none.', 4),
	(11, 1, 'Degree record edge table special kind. Worker control anything economy left half without sort.', 35),
	(12, 2, 'Degree record edge table special kind. Worker control anything economy left half without sort.', 35),
	(13, 1, 'Play dinner task night camera later economy. Open food age local painting meet international operation. Full experience seat international her might customer thousand. Perhaps painting many total sign degree.', 35),
	(14, 2, 'Play dinner task night camera later economy. Open food age local painting meet international operation. Full experience seat international her might customer thousand. Perhaps painting many total sign degree.', 35),
	(15, 3, 'Play dinner task night camera later economy. Open food age local painting meet international operation. Full experience seat international her might customer thousand. Perhaps painting many total sign degree.', 35),
	(16, 4, 'Play dinner task night camera later economy. Open food age local painting meet international operation. Full experience seat international her might customer thousand. Perhaps painting many total sign degree.', 35),
	(17, 5, 'Play dinner task night camera later economy. Open food age local painting meet international operation. Full experience seat international her might customer thousand. Perhaps painting many total sign degree.', 35),
	(18, 6, 'Play dinner task night camera later economy. Open food age local painting meet international operation. Full experience seat international her might customer thousand. Perhaps painting many total sign degree.', 35),
	(19, 1, 'Research know once look why. They modern reduce note know sit talk.', 31),
	(20, 2, 'Research know once look why. They modern reduce note know sit talk.', 31),
	(21, 3, 'Research know once look why. They modern reduce note know sit talk.', 31),
	(22, 1, 'True thus young fact he model sit. Fight manage mention apply couple. Upon song per week good might government test.', 9),
	(23, 2, 'True thus young fact he model sit. Fight manage mention apply couple. Upon song per week good might government test.', 9),
	(24, 3, 'True thus young fact he model sit. Fight manage mention apply couple. Upon song per week good might government test.', 9),
	(25, 4, 'True thus young fact he model sit. Fight manage mention apply couple. Upon song per week good might government test.', 9),
	(26, 1, 'Lose teacher should hair get section. One within body itself fly up.', 33),
	(27, 2, 'Lose teacher should hair get section. One within body itself fly up.', 33),
	(28, 3, 'Lose teacher should hair get section. One within body itself fly up.', 33),
	(29, 4, 'Lose teacher should hair get section. One within body itself fly up.', 33),
	(30, 5, 'Lose teacher should hair get section. One within body itself fly up.', 33),
	(31, 6, 'Lose teacher should hair get section. One within body itself fly up.', 33),
	(32, 1, 'Degree pressure laugh dog everybody. Store hot however.', 32),
	(33, 2, 'Degree pressure laugh dog everybody. Store hot however.', 32),
	(34, 3, 'Degree pressure laugh dog everybody. Store hot however.', 32),
	(35, 1, 'Try themselves fight.', 46),
	(36, 2, 'Try themselves fight.', 46),
	(37, 3, 'Try themselves fight.', 46),
	(38, 4, 'Try themselves fight.', 46),
	(39, 5, 'Try themselves fight.', 46),
	(40, 1, 'Because return relate memory growth. Boy everything situation agree report. To us still everybody.', 44),
	(41, 2, 'Because return relate memory growth. Boy everything situation agree report. To us still everybody.', 44),
	(42, 1, 'Fill case anything itself. Last attention our get sing clear. Themselves boy realize reach grow.', 8),
	(43, 2, 'Fill case anything itself. Last attention our get sing clear. Themselves boy realize reach grow.', 8),
	(44, 3, 'Fill case anything itself. Last attention our get sing clear. Themselves boy realize reach grow.', 8),
	(45, 4, 'Fill case anything itself. Last attention our get sing clear. Themselves boy realize reach grow.', 8),
	(46, 5, 'Fill case anything itself. Last attention our get sing clear. Themselves boy realize reach grow.', 8),
	(47, 6, 'Fill case anything itself. Last attention our get sing clear. Themselves boy realize reach grow.', 8),
	(48, 1, 'Charge east realize over east environmental do. South office would artist agree woman even. Few save citizen let produce.', 5),
	(49, 2, 'Charge east realize over east environmental do. South office would artist agree woman even. Few save citizen let produce.', 5),
	(50, 3, 'Charge east realize over east environmental do. South office would artist agree woman even. Few save citizen let produce.', 5),
	(51, 4, 'Charge east realize over east environmental do. South office would artist agree woman even. Few save citizen let produce.', 5),
	(52, 5, 'Charge east realize over east environmental do. South office would artist agree woman even. Few save citizen let produce.', 5),
	(53, 6, 'Charge east realize over east environmental do. South office would artist agree woman even. Few save citizen let produce.', 5),
	(54, 1, 'Eat behavior better behind yourself scene cost. As level result join. Effect establish reality style.', 49),
	(55, 2, 'Eat behavior better behind yourself scene cost. As level result join. Effect establish reality style.', 49),
	(56, 3, 'Eat behavior better behind yourself scene cost. As level result join. Effect establish reality style.', 49),
	(57, 4, 'Eat behavior better behind yourself scene cost. As level result join. Effect establish reality style.', 49),
	(58, 5, 'Eat behavior better behind yourself scene cost. As level result join. Effect establish reality style.', 49),
	(59, 1, 'Option far election safe land recently make. Dog care husband term simple poor. Early new natural rock. Community marriage everybody woman southern.', 6),
	(60, 2, 'Option far election safe land recently make. Dog care husband term simple poor. Early new natural rock. Community marriage everybody woman southern.', 6),
	(61, 3, 'Option far election safe land recently make. Dog care husband term simple poor. Early new natural rock. Community marriage everybody woman southern.', 6),
	(62, 4, 'Option far election safe land recently make. Dog care husband term simple poor. Early new natural rock. Community marriage everybody woman southern.', 6),
	(63, 1, 'Current single often. Science person give administration.', 36),
	(64, 2, 'Current single often. Science person give administration.', 36),
	(65, 1, 'Since huge voice Mrs. North final three radio.', 19),
	(66, 2, 'Since huge voice Mrs. North final three radio.', 19),
	(67, 3, 'Since huge voice Mrs. North final three radio.', 19),
	(68, 4, 'Since huge voice Mrs. North final three radio.', 19),
	(69, 5, 'Since huge voice Mrs. North final three radio.', 19),
	(70, 6, 'Since huge voice Mrs. North final three radio.', 19),
	(71, 1, 'Site generation certain. Draw option Mrs become thank. Star fill what rock when bad.', 46),
	(72, 2, 'Site generation certain. Draw option Mrs become thank. Star fill what rock when bad.', 46),
	(73, 3, 'Site generation certain. Draw option Mrs become thank. Star fill what rock when bad.', 46),
	(74, 1, 'Pay wife should fear line.', 27),
	(75, 2, 'Pay wife should fear line.', 27),
	(76, 1, 'Seven simply production meet glass film. Cell imagine condition agreement someone top. Effort together attorney yes support.', 22),
	(77, 2, 'Seven simply production meet glass film. Cell imagine condition agreement someone top. Effort together attorney yes support.', 22),
	(78, 3, 'Seven simply production meet glass film. Cell imagine condition agreement someone top. Effort together attorney yes support.', 22),
	(79, 4, 'Seven simply production meet glass film. Cell imagine condition agreement someone top. Effort together attorney yes support.', 22),
	(80, 1, 'Financial establish difficult around. Region which attorney though job his allow need. Action series professional heart among unit begin.', 21),
	(81, 2, 'Financial establish difficult around. Region which attorney though job his allow need. Action series professional heart among unit begin.', 21),
	(82, 3, 'Financial establish difficult around. Region which attorney though job his allow need. Action series professional heart among unit begin.', 21),
	(83, 1, 'Once field stay around clear must. Develop focus possible main.', 10),
	(84, 2, 'Once field stay around clear must. Develop focus possible main.', 10),
	(85, 1, 'Participant computer never federal strong mother hold. Road simple its activity recent eye face.', 18),
	(86, 2, 'Participant computer never federal strong mother hold. Road simple its activity recent eye face.', 18),
	(87, 1, 'Executive senior protect speech age morning state. Network truth tax movement budget size officer. Meet issue look.', 24),
	(88, 2, 'Executive senior protect speech age morning state. Network truth tax movement budget size officer. Meet issue look.', 24),
	(89, 3, 'Executive senior protect speech age morning state. Network truth tax movement budget size officer. Meet issue look.', 24),
	(90, 4, 'Executive senior protect speech age morning state. Network truth tax movement budget size officer. Meet issue look.', 24),
	(91, 5, 'Executive senior protect speech age morning state. Network truth tax movement budget size officer. Meet issue look.', 24),
	(92, 1, 'Growth late bring. Break economic return leader.', 20),
	(93, 2, 'Growth late bring. Break economic return leader.', 20),
	(94, 1, 'Since stage leader strategy true lot husband. Least size drive worker.', 42),
	(95, 2, 'Since stage leader strategy true lot husband. Least size drive worker.', 42),
	(96, 3, 'Since stage leader strategy true lot husband. Least size drive worker.', 42),
	(97, 4, 'Since stage leader strategy true lot husband. Least size drive worker.', 42),
	(98, 5, 'Since stage leader strategy true lot husband. Least size drive worker.', 42),
	(99, 6, 'Since stage leader strategy true lot husband. Least size drive worker.', 42),
	(100, 1, 'Girl fact alone something home. School contain but responsibility stay by current. Effect must clear.', 12),
	(101, 2, 'Girl fact alone something home. School contain but responsibility stay by current. Effect must clear.', 12),
	(102, 3, 'Girl fact alone something home. School contain but responsibility stay by current. Effect must clear.', 12),
	(103, 4, 'Girl fact alone something home. School contain but responsibility stay by current. Effect must clear.', 12),
	(104, 5, 'Girl fact alone something home. School contain but responsibility stay by current. Effect must clear.', 12),
	(105, 6, 'Girl fact alone something home. School contain but responsibility stay by current. Effect must clear.', 12),
	(106, 1, 'Hope believe attack school. Collection throw yard assume to police law performance. Write nothing model physical leader hour commercial.', 33),
	(107, 2, 'Hope believe attack school. Collection throw yard assume to police law performance. Write nothing model physical leader hour commercial.', 33),
	(108, 3, 'Hope believe attack school. Collection throw yard assume to police law performance. Write nothing model physical leader hour commercial.', 33),
	(109, 4, 'Hope believe attack school. Collection throw yard assume to police law performance. Write nothing model physical leader hour commercial.', 33),
	(110, 1, 'Action make firm represent green minute school. Plan school teach grow four blue you form. Couple tonight possible tough mention child.', 32),
	(111, 2, 'Action make firm represent green minute school. Plan school teach grow four blue you form. Couple tonight possible tough mention child.', 32),
	(112, 3, 'Action make firm represent green minute school. Plan school teach grow four blue you form. Couple tonight possible tough mention child.', 32),
	(113, 1, 'Consumer cost establish concern walk staff responsibility. Contain read reveal. Itself girl role scene.', 45),
	(114, 2, 'Consumer cost establish concern walk staff responsibility. Contain read reveal. Itself girl role scene.', 45),
	(115, 3, 'Consumer cost establish concern walk staff responsibility. Contain read reveal. Itself girl role scene.', 45),
	(116, 4, 'Consumer cost establish concern walk staff responsibility. Contain read reveal. Itself girl role scene.', 45),
	(117, 1, 'Indeed single send million month five party admit. Late stock treat day bar those. Discover when central head say store as.', 40),
	(118, 2, 'Indeed single send million month five party admit. Late stock treat day bar those. Discover when central head say store as.', 40),
	(119, 3, 'Indeed single send million month five party admit. Late stock treat day bar those. Discover when central head say store as.', 40),
	(120, 4, 'Indeed single send million month five party admit. Late stock treat day bar those. Discover when central head say store as.', 40),
	(121, 1, 'Positive I between final look start.', 31),
	(122, 2, 'Positive I between final look start.', 31),
	(123, 3, 'Positive I between final look start.', 31),
	(124, 4, 'Positive I between final look start.', 31),
	(125, 1, 'Final prove to Republican. Method cost foot feel practice. Moment push detail condition. Difficult purpose recognize visit agree state doctor.', 18),
	(126, 2, 'Final prove to Republican. Method cost foot feel practice. Moment push detail condition. Difficult purpose recognize visit agree state doctor.', 18),
	(127, 3, 'Final prove to Republican. Method cost foot feel practice. Moment push detail condition. Difficult purpose recognize visit agree state doctor.', 18),
	(128, 4, 'Final prove to Republican. Method cost foot feel practice. Moment push detail condition. Difficult purpose recognize visit agree state doctor.', 18),
	(129, 1, 'Court policy painting decade level recognize him despite. Food word range senior local those after. Generation air stuff discussion.', 31),
	(130, 2, 'Court policy painting decade level recognize him despite. Food word range senior local those after. Generation air stuff discussion.', 31),
	(131, 1, 'Together court letter sing. Particularly shake happen student player service. Trip play child draw natural. Point series itself protect.', 12),
	(132, 2, 'Together court letter sing. Particularly shake happen student player service. Trip play child draw natural. Point series itself protect.', 12),
	(133, 3, 'Together court letter sing. Particularly shake happen student player service. Trip play child draw natural. Point series itself protect.', 12),
	(134, 1, 'Series move than realize. Experience position create for body oil.', 21),
	(135, 2, 'Series move than realize. Experience position create for body oil.', 21),
	(136, 3, 'Series move than realize. Experience position create for body oil.', 21),
	(137, 4, 'Series move than realize. Experience position create for body oil.', 21),
	(138, 5, 'Series move than realize. Experience position create for body oil.', 21),
	(139, 6, 'Series move than realize. Experience position create for body oil.', 21),
	(140, 1, 'Near us parent skin no degree big. Evening way maintain west management.', 31),
	(141, 2, 'Near us parent skin no degree big. Evening way maintain west management.', 31),
	(142, 3, 'Near us parent skin no degree big. Evening way maintain west management.', 31),
	(143, 1, 'Teacher hand within assume population. Toward walk about standard. Feeling truth thought television ok gas. Total majority physical scientist rise.', 17),
	(144, 2, 'Teacher hand within assume population. Toward walk about standard. Feeling truth thought television ok gas. Total majority physical scientist rise.', 17),
	(145, 1, 'Quality arrive bed. Ball game grow man. Beyond of beat look. Same he red none almost much night.', 33),
	(146, 2, 'Quality arrive bed. Ball game grow man. Beyond of beat look. Same he red none almost much night.', 33),
	(147, 3, 'Quality arrive bed. Ball game grow man. Beyond of beat look. Same he red none almost much night.', 33),
	(148, 4, 'Quality arrive bed. Ball game grow man. Beyond of beat look. Same he red none almost much night.', 33),
	(149, 1, 'Return mean hotel reason per child. When chair car. Blood tough if guy together low president.', 44),
	(150, 2, 'Return mean hotel reason per child. When chair car. Blood tough if guy together low president.', 44),
	(151, 3, 'Return mean hotel reason per child. When chair car. Blood tough if guy together low president.', 44),
	(152, 1, 'Clear nothing certain instead me edge. Hand five behavior tax recent. Story ability name account line one point growth.', 23),
	(153, 2, 'Clear nothing certain instead me edge. Hand five behavior tax recent. Story ability name account line one point growth.', 23),
	(154, 1, 'Build three tell too two. Carry then I imagine your well walk newspaper. Into issue scene by help.', 24),
	(155, 2, 'Build three tell too two. Carry then I imagine your well walk newspaper. Into issue scene by help.', 24),
	(156, 3, 'Build three tell too two. Carry then I imagine your well walk newspaper. Into issue scene by help.', 24),
	(157, 4, 'Build three tell too two. Carry then I imagine your well walk newspaper. Into issue scene by help.', 24),
	(158, 5, 'Build three tell too two. Carry then I imagine your well walk newspaper. Into issue scene by help.', 24),
	(159, 6, 'Build three tell too two. Carry then I imagine your well walk newspaper. Into issue scene by help.', 24),
	(160, 1, 'When final particular station town billion. Particularly middle stage student explain medical buy. Foreign whose interest.', 26),
	(161, 2, 'When final particular station town billion. Particularly middle stage student explain medical buy. Foreign whose interest.', 26),
	(162, 3, 'When final particular station town billion. Particularly middle stage student explain medical buy. Foreign whose interest.', 26),
	(163, 1, 'Spend deep stuff. Produce yeah way than reflect. Thousand leave city strong beyond.', 16),
	(164, 2, 'Spend deep stuff. Produce yeah way than reflect. Thousand leave city strong beyond.', 16),
	(165, 3, 'Spend deep stuff. Produce yeah way than reflect. Thousand leave city strong beyond.', 16),
	(166, 1, 'These focus director law nor. Foot PM marriage buy light law according.', 8),
	(167, 2, 'These focus director law nor. Foot PM marriage buy light law according.', 8),
	(168, 3, 'These focus director law nor. Foot PM marriage buy light law according.', 8),
	(169, 4, 'These focus director law nor. Foot PM marriage buy light law according.', 8),
	(170, 1, 'Maintain toward ability professor break treatment both education. All around here first west natural letter.', 15),
	(171, 2, 'Maintain toward ability professor break treatment both education. All around here first west natural letter.', 15),
	(172, 3, 'Maintain toward ability professor break treatment both education. All around here first west natural letter.', 15),
	(173, 4, 'Maintain toward ability professor break treatment both education. All around here first west natural letter.', 15),
	(174, 5, 'Maintain toward ability professor break treatment both education. All around here first west natural letter.', 15),
	(175, 6, 'Maintain toward ability professor break treatment both education. All around here first west natural letter.', 15),
	(176, 1, 'At fish everybody knowledge last. Year hair nation Mrs and line.', 40),
	(177, 2, 'At fish everybody knowledge last. Year hair nation Mrs and line.', 40),
	(178, 1, 'Day study minute could. Offer look order cover or full as.', 4),
	(179, 2, 'Day study minute could. Offer look order cover or full as.', 4),
	(180, 3, 'Day study minute could. Offer look order cover or full as.', 4),
	(181, 4, 'Day study minute could. Offer look order cover or full as.', 4),
	(182, 5, 'Day study minute could. Offer look order cover or full as.', 4),
	(183, 6, 'Day study minute could. Offer look order cover or full as.', 4),
	(184, 1, 'Team first particular television. Major position fine particular professional so consider across.', 29),
	(185, 2, 'Team first particular television. Major position fine particular professional so consider across.', 29),
	(186, 1, 'Concern born look understand idea inside leave notice. Special any may already by.', 26),
	(187, 2, 'Concern born look understand idea inside leave notice. Special any may already by.', 26),
	(188, 3, 'Concern born look understand idea inside leave notice. Special any may already by.', 26),
	(189, 4, 'Concern born look understand idea inside leave notice. Special any may already by.', 26),
	(190, 5, 'Concern born look understand idea inside leave notice. Special any may already by.', 26),
	(191, 1, 'Hot ahead risk adult his leader rest. Even subject magazine nature at. Area wall manager language east.', 46),
	(192, 2, 'Hot ahead risk adult his leader rest. Even subject magazine nature at. Area wall manager language east.', 46);

INSERT INTO in_stock VALUES
    (1, 1, 4),
	(1, 2, 49),
	(1, 3, 24),
	(1, 4, 7),
	(1, 5, 45),
	(1, 6, 32),
	(1, 7, 17),
	(1, 8, 27),
	(1, 9, 30),
	(1, 10, 38),
	(1, 11, 20),
	(1, 12, 7),
	(1, 13, 10),
	(1, 14, 50),
	(1, 15, 19),
	(1, 16, 32),
	(1, 17, 40),
	(1, 18, 44),
	(1, 19, 48),
	(1, 20, 9),
	(1, 21, 20),
	(1, 22, 34),
	(1, 23, 45),
	(1, 24, 0),
	(1, 25, 27),
	(2, 1, 19),
	(2, 2, 5),
	(2, 3, 29),
	(2, 4, 24),
	(2, 5, 15),
	(2, 6, 48),
	(2, 7, 49),
	(2, 8, 32),
	(2, 9, 19),
	(2, 10, 18),
	(2, 11, 28),
	(2, 12, 19),
	(2, 13, 45),
	(2, 14, 19),
	(2, 15, 2),
	(2, 16, 25),
	(2, 17, 39),
	(2, 18, 20),
	(2, 19, 19),
	(2, 20, 21),
	(2, 21, 18),
	(2, 22, 42),
	(2, 23, 35),
	(2, 24, 21),
	(2, 25, 10),
	(3, 1, 17),
	(3, 2, 41),
	(3, 3, 5),
	(3, 4, 50),
	(3, 5, 42),
	(3, 6, 7),
	(3, 7, 11),
	(3, 8, 12),
	(3, 9, 45),
	(3, 10, 48),
	(3, 11, 37),
	(3, 12, 27),
	(3, 13, 21),
	(3, 14, 16),
	(3, 15, 15),
	(3, 16, 23),
	(3, 17, 26),
	(3, 18, 49),
	(3, 19, 44),
	(3, 20, 28),
	(3, 21, 37),
	(3, 22, 13),
	(3, 23, 30),
	(3, 24, 8),
	(3, 25, 47),
	(4, 1, 20),
	(4, 2, 33),
	(4, 3, 35),
	(4, 4, 31),
	(4, 5, 5),
	(4, 6, 47),
	(4, 7, 30),
	(4, 8, 17),
	(4, 9, 6),
	(4, 10, 30),
	(4, 11, 41),
	(4, 12, 5),
	(4, 13, 10),
	(4, 14, 12),
	(4, 15, 41),
	(4, 16, 4),
	(4, 17, 13),
	(4, 18, 15),
	(4, 19, 42),
	(4, 20, 31),
	(4, 21, 11),
	(4, 22, 26),
	(4, 23, 20),
	(4, 24, 25),
	(4, 25, 3),
	(5, 1, 0),
	(5, 2, 47),
	(5, 3, 42),
	(5, 4, 43),
	(5, 5, 21),
	(5, 6, 9),
	(5, 7, 3),
	(5, 8, 14),
	(5, 9, 5),
	(5, 10, 6),
	(5, 11, 15),
	(5, 12, 22),
	(5, 13, 4),
	(5, 14, 28),
	(5, 15, 35),
	(5, 16, 41),
	(5, 17, 47),
	(5, 18, 1),
	(5, 19, 1),
	(5, 20, 21),
	(5, 21, 38),
	(5, 22, 18),
	(5, 23, 35),
	(5, 24, 29),
	(5, 25, 4),
	(6, 1, 25),
	(6, 2, 35),
	(6, 3, 48),
	(6, 4, 31),
	(6, 5, 40),
	(6, 6, 22),
	(6, 7, 23),
	(6, 8, 19),
	(6, 9, 29),
	(6, 10, 31),
	(6, 11, 15),
	(6, 12, 38),
	(6, 13, 2),
	(6, 14, 3),
	(6, 15, 33),
	(6, 16, 15),
	(6, 17, 16),
	(6, 18, 0),
	(6, 19, 6),
	(6, 20, 34),
	(6, 21, 30),
	(6, 22, 37),
	(6, 23, 44),
	(6, 24, 16),
	(6, 25, 3),
	(7, 1, 0),
	(7, 2, 34),
	(7, 3, 50),
	(7, 4, 3),
	(7, 5, 39),
	(7, 6, 44),
	(7, 7, 41),
	(7, 8, 24),
	(7, 9, 19),
	(7, 10, 22),
	(7, 11, 24),
	(7, 12, 46),
	(7, 13, 10),
	(7, 14, 18),
	(7, 15, 20),
	(7, 16, 34),
	(7, 17, 13),
	(7, 18, 27),
	(7, 19, 50),
	(7, 20, 34),
	(7, 21, 17),
	(7, 22, 34),
	(7, 23, 26),
	(7, 24, 34),
	(7, 25, 23),
	(8, 1, 49),
	(8, 2, 7),
	(8, 3, 0),
	(8, 4, 8),
	(8, 5, 7),
	(8, 6, 41),
	(8, 7, 41),
	(8, 8, 13),
	(8, 9, 17),
	(8, 10, 13),
	(8, 11, 2),
	(8, 12, 23),
	(8, 13, 48),
	(8, 14, 41),
	(8, 15, 31),
	(8, 16, 8),
	(8, 17, 26),
	(8, 18, 6),
	(8, 19, 29),
	(8, 20, 13),
	(8, 21, 3),
	(8, 22, 36),
	(8, 23, 17),
	(8, 24, 38),
	(8, 25, 48),
	(9, 1, 22),
	(9, 2, 31),
	(9, 3, 21),
	(9, 4, 29),
	(9, 5, 5),
	(9, 6, 15),
	(9, 7, 50),
	(9, 8, 38),
	(9, 9, 23),
	(9, 10, 29),
	(9, 11, 8),
	(9, 12, 3),
	(9, 13, 7),
	(9, 14, 46),
	(9, 15, 7),
	(9, 16, 13),
	(9, 17, 4),
	(9, 18, 22),
	(9, 19, 3),
	(9, 20, 41),
	(9, 21, 49),
	(9, 22, 13),
	(9, 23, 3),
	(9, 24, 43),
	(9, 25, 8),
	(10, 1, 48),
	(10, 2, 10),
	(10, 3, 48),
	(10, 4, 24),
	(10, 5, 41),
	(10, 6, 6),
	(10, 7, 45),
	(10, 8, 25),
	(10, 9, 10),
	(10, 10, 9),
	(10, 11, 42),
	(10, 12, 16),
	(10, 13, 24),
	(10, 14, 15),
	(10, 15, 2),
	(10, 16, 10),
	(10, 17, 47),
	(10, 18, 3),
	(10, 19, 47),
	(10, 20, 16),
	(10, 21, 8),
	(10, 22, 19),
	(10, 23, 11),
	(10, 24, 19),
	(10, 25, 2),
	(11, 1, 35),
	(11, 2, 14),
	(11, 3, 10),
	(11, 4, 2),
	(11, 5, 34),
	(11, 6, 1),
	(11, 7, 30),
	(11, 8, 23),
	(11, 9, 47),
	(11, 10, 9),
	(11, 11, 14),
	(11, 12, 5),
	(11, 13, 49),
	(11, 14, 26),
	(11, 15, 5),
	(11, 16, 7),
	(11, 17, 5),
	(11, 18, 20),
	(11, 19, 24),
	(11, 20, 25),
	(11, 21, 30),
	(11, 22, 8),
	(11, 23, 15),
	(11, 24, 3),
	(11, 25, 43),
	(12, 1, 38),
	(12, 2, 15),
	(12, 3, 0),
	(12, 4, 13),
	(12, 5, 46),
	(12, 6, 27),
	(12, 7, 5),
	(12, 8, 23),
	(12, 9, 13),
	(12, 10, 1),
	(12, 11, 40),
	(12, 12, 41),
	(12, 13, 26),
	(12, 14, 35),
	(12, 15, 38),
	(12, 16, 15),
	(12, 17, 31),
	(12, 18, 3),
	(12, 19, 17),
	(12, 20, 4),
	(12, 21, 22),
	(12, 22, 38),
	(12, 23, 27),
	(12, 24, 15),
	(12, 25, 41),
	(13, 1, 19),
	(13, 2, 31),
	(13, 3, 22),
	(13, 4, 45),
	(13, 5, 35),
	(13, 6, 28),
	(13, 7, 49),
	(13, 8, 34),
	(13, 9, 32),
	(13, 10, 43),
	(13, 11, 26),
	(13, 12, 18),
	(13, 13, 29),
	(13, 14, 12),
	(13, 15, 21),
	(13, 16, 33),
	(13, 17, 19),
	(13, 18, 10),
	(13, 19, 45),
	(13, 20, 45),
	(13, 21, 7),
	(13, 22, 18),
	(13, 23, 28),
	(13, 24, 45),
	(13, 25, 45),
	(14, 1, 6),
	(14, 2, 37),
	(14, 3, 32),
	(14, 4, 17),
	(14, 5, 32),
	(14, 6, 18),
	(14, 7, 34),
	(14, 8, 50),
	(14, 9, 26),
	(14, 10, 38),
	(14, 11, 40),
	(14, 12, 44),
	(14, 13, 5),
	(14, 14, 3),
	(14, 15, 41),
	(14, 16, 13),
	(14, 17, 46),
	(14, 18, 7),
	(14, 19, 15),
	(14, 20, 26),
	(14, 21, 4),
	(14, 22, 47),
	(14, 23, 10),
	(14, 24, 40),
	(14, 25, 1),
	(15, 1, 33),
	(15, 2, 39),
	(15, 3, 3),
	(15, 4, 23),
	(15, 5, 8),
	(15, 6, 5),
	(15, 7, 42),
	(15, 8, 0),
	(15, 9, 12),
	(15, 10, 22),
	(15, 11, 31),
	(15, 12, 44),
	(15, 13, 35),
	(15, 14, 1),
	(15, 15, 4),
	(15, 16, 21),
	(15, 17, 6),
	(15, 18, 34),
	(15, 19, 44),
	(15, 20, 41),
	(15, 21, 6),
	(15, 22, 12),
	(15, 23, 39),
	(15, 24, 33),
	(15, 25, 27),
	(16, 1, 43),
	(16, 2, 44),
	(16, 3, 32),
	(16, 4, 0),
	(16, 5, 0),
	(16, 6, 11),
	(16, 7, 4),
	(16, 8, 45),
	(16, 9, 40),
	(16, 10, 22),
	(16, 11, 15),
	(16, 12, 31),
	(16, 13, 23),
	(16, 14, 41),
	(16, 15, 50),
	(16, 16, 43),
	(16, 17, 26),
	(16, 18, 17),
	(16, 19, 28),
	(16, 20, 23),
	(16, 21, 44),
	(16, 22, 10),
	(16, 23, 3),
	(16, 24, 19),
	(16, 25, 47),
	(17, 1, 35),
	(17, 2, 26),
	(17, 3, 1),
	(17, 4, 33),
	(17, 5, 18),
	(17, 6, 1),
	(17, 7, 39),
	(17, 8, 22),
	(17, 9, 16),
	(17, 10, 17),
	(17, 11, 27),
	(17, 12, 22),
	(17, 13, 38),
	(17, 14, 39),
	(17, 15, 24),
	(17, 16, 49),
	(17, 17, 49),
	(17, 18, 3),
	(17, 19, 15),
	(17, 20, 23),
	(17, 21, 41),
	(17, 22, 18),
	(17, 23, 45),
	(17, 24, 9),
	(17, 25, 32),
	(18, 1, 6),
	(18, 2, 23),
	(18, 3, 17),
	(18, 4, 20),
	(18, 5, 19),
	(18, 6, 50),
	(18, 7, 26),
	(18, 8, 36),
	(18, 9, 10),
	(18, 10, 34),
	(18, 11, 16),
	(18, 12, 5),
	(18, 13, 37),
	(18, 14, 29),
	(18, 15, 27),
	(18, 16, 20),
	(18, 17, 40),
	(18, 18, 50),
	(18, 19, 8),
	(18, 20, 24),
	(18, 21, 35),
	(18, 22, 46),
	(18, 23, 46),
	(18, 24, 38),
	(18, 25, 8),
	(19, 1, 31),
	(19, 2, 32),
	(19, 3, 25),
	(19, 4, 3),
	(19, 5, 8),
	(19, 6, 38),
	(19, 7, 17),
	(19, 8, 14),
	(19, 9, 0),
	(19, 10, 28),
	(19, 11, 34),
	(19, 12, 5),
	(19, 13, 23),
	(19, 14, 49),
	(19, 15, 49),
	(19, 16, 18),
	(19, 17, 24),
	(19, 18, 42),
	(19, 19, 48),
	(19, 20, 37),
	(19, 21, 50),
	(19, 22, 43),
	(19, 23, 14),
	(19, 24, 2),
	(19, 25, 9),
	(20, 1, 17),
	(20, 2, 34),
	(20, 3, 2),
	(20, 4, 18),
	(20, 5, 13),
	(20, 6, 47),
	(20, 7, 4),
	(20, 8, 6),
	(20, 9, 9),
	(20, 10, 32),
	(20, 11, 4),
	(20, 12, 5),
	(20, 13, 31),
	(20, 14, 14),
	(20, 15, 29),
	(20, 16, 14),
	(20, 17, 21),
	(20, 18, 6),
	(20, 19, 19),
	(20, 20, 16),
	(20, 21, 35),
	(20, 22, 31),
	(20, 23, 16),
	(20, 24, 23),
	(20, 25, 0),
	(21, 1, 10),
	(21, 2, 32),
	(21, 3, 7),
	(21, 4, 30),
	(21, 5, 20),
	(21, 6, 48),
	(21, 7, 35),
	(21, 8, 28),
	(21, 9, 0),
	(21, 10, 33),
	(21, 11, 31),
	(21, 12, 1),
	(21, 13, 11),
	(21, 14, 16),
	(21, 15, 28),
	(21, 16, 24),
	(21, 17, 27),
	(21, 18, 33),
	(21, 19, 50),
	(21, 20, 45),
	(21, 21, 6),
	(21, 22, 23),
	(21, 23, 7),
	(21, 24, 30),
	(21, 25, 4),
	(22, 1, 0),
	(22, 2, 25),
	(22, 3, 5),
	(22, 4, 43),
	(22, 5, 15),
	(22, 6, 13),
	(22, 7, 38),
	(22, 8, 44),
	(22, 9, 26),
	(22, 10, 38),
	(22, 11, 47),
	(22, 12, 48),
	(22, 13, 23),
	(22, 14, 32),
	(22, 15, 19),
	(22, 16, 45),
	(22, 17, 36),
	(22, 18, 16),
	(22, 19, 41),
	(22, 20, 50),
	(22, 21, 19),
	(22, 22, 6),
	(22, 23, 45),
	(22, 24, 21),
	(22, 25, 42),
	(23, 1, 38),
	(23, 2, 10),
	(23, 3, 17),
	(23, 4, 11),
	(23, 5, 50),
	(23, 6, 44),
	(23, 7, 8),
	(23, 8, 14),
	(23, 9, 34),
	(23, 10, 6),
	(23, 11, 35),
	(23, 12, 20),
	(23, 13, 43),
	(23, 14, 15),
	(23, 15, 32),
	(23, 16, 4),
	(23, 17, 49),
	(23, 18, 26),
	(23, 19, 37),
	(23, 20, 3),
	(23, 21, 38),
	(23, 22, 12),
	(23, 23, 20),
	(23, 24, 35),
	(23, 25, 25),
	(24, 1, 30),
	(24, 2, 12),
	(24, 3, 15),
	(24, 4, 22),
	(24, 5, 14),
	(24, 6, 19),
	(24, 7, 21),
	(24, 8, 49),
	(24, 9, 30),
	(24, 10, 17),
	(24, 11, 31),
	(24, 12, 44),
	(24, 13, 43),
	(24, 14, 49),
	(24, 15, 47),
	(24, 16, 46),
	(24, 17, 2),
	(24, 18, 12),
	(24, 19, 28),
	(24, 20, 17),
	(24, 21, 21),
	(24, 22, 2),
	(24, 23, 29),
	(24, 24, 2),
	(24, 25, 24),
	(25, 1, 3),
	(25, 2, 13),
	(25, 3, 39),
	(25, 4, 40),
	(25, 5, 44),
	(25, 6, 29),
	(25, 7, 4),
	(25, 8, 29),
	(25, 9, 38),
	(25, 10, 17),
	(25, 11, 3),
	(25, 12, 2),
	(25, 13, 28),
	(25, 14, 40),
	(25, 15, 31),
	(25, 16, 50),
	(25, 17, 43),
	(25, 18, 21),
	(25, 19, 9),
	(25, 20, 5),
	(25, 21, 36),
	(25, 22, 33),
	(25, 23, 47),
	(25, 24, 35),
	(25, 25, 14),
	(26, 1, 0),
	(26, 2, 6),
	(26, 3, 40),
	(26, 4, 2),
	(26, 5, 32),
	(26, 6, 33),
	(26, 7, 46),
	(26, 8, 43),
	(26, 9, 48),
	(26, 10, 31),
	(26, 11, 16),
	(26, 12, 0),
	(26, 13, 12),
	(26, 14, 50),
	(26, 15, 11),
	(26, 16, 46),
	(26, 17, 3),
	(26, 18, 48),
	(26, 19, 8),
	(26, 20, 42),
	(26, 21, 27),
	(26, 22, 9),
	(26, 23, 9),
	(26, 24, 32),
	(26, 25, 3),
	(27, 1, 19),
	(27, 2, 4),
	(27, 3, 37),
	(27, 4, 16),
	(27, 5, 45),
	(27, 6, 48),
	(27, 7, 28),
	(27, 8, 32),
	(27, 9, 7),
	(27, 10, 22),
	(27, 11, 22),
	(27, 12, 1),
	(27, 13, 48),
	(27, 14, 40),
	(27, 15, 14),
	(27, 16, 20),
	(27, 17, 4),
	(27, 18, 47),
	(27, 19, 28),
	(27, 20, 2),
	(27, 21, 2),
	(27, 22, 48),
	(27, 23, 48),
	(27, 24, 38),
	(27, 25, 20),
	(28, 1, 5),
	(28, 2, 30),
	(28, 3, 46),
	(28, 4, 49),
	(28, 5, 47),
	(28, 6, 37),
	(28, 7, 42),
	(28, 8, 15),
	(28, 9, 4),
	(28, 10, 37),
	(28, 11, 32),
	(28, 12, 3),
	(28, 13, 33),
	(28, 14, 37),
	(28, 15, 34),
	(28, 16, 13),
	(28, 17, 48),
	(28, 18, 45),
	(28, 19, 27),
	(28, 20, 26),
	(28, 21, 39),
	(28, 22, 7),
	(28, 23, 11),
	(28, 24, 36),
	(28, 25, 27),
	(29, 1, 15),
	(29, 2, 11),
	(29, 3, 20),
	(29, 4, 50),
	(29, 5, 44),
	(29, 6, 42),
	(29, 7, 17),
	(29, 8, 10),
	(29, 9, 33),
	(29, 10, 19),
	(29, 11, 47),
	(29, 12, 39),
	(29, 13, 14),
	(29, 14, 2),
	(29, 15, 19),
	(29, 16, 12),
	(29, 17, 38),
	(29, 18, 21),
	(29, 19, 27),
	(29, 20, 39),
	(29, 21, 16),
	(29, 22, 19),
	(29, 23, 10),
	(29, 24, 24),
	(29, 25, 46),
	(30, 1, 24),
	(30, 2, 2),
	(30, 3, 11),
	(30, 4, 29),
	(30, 5, 45),
	(30, 6, 46),
	(30, 7, 34),
	(30, 8, 8),
	(30, 9, 6),
	(30, 10, 8),
	(30, 11, 38),
	(30, 12, 33),
	(30, 13, 38),
	(30, 14, 8),
	(30, 15, 17),
	(30, 16, 18),
	(30, 17, 17),
	(30, 18, 28),
	(30, 19, 11),
	(30, 20, 13),
	(30, 21, 13),
	(30, 22, 33),
	(30, 23, 39),
	(30, 24, 6),
	(30, 25, 13),
	(31, 1, 12),
	(31, 2, 18),
	(31, 3, 29),
	(31, 4, 35),
	(31, 5, 8),
	(31, 6, 34),
	(31, 7, 43),
	(31, 8, 43),
	(31, 9, 8),
	(31, 10, 11),
	(31, 11, 32),
	(31, 12, 24),
	(31, 13, 12),
	(31, 14, 50),
	(31, 15, 23),
	(31, 16, 13),
	(31, 17, 0),
	(31, 18, 12),
	(31, 19, 38),
	(31, 20, 19),
	(31, 21, 14),
	(31, 22, 30),
	(31, 23, 31),
	(31, 24, 20),
	(31, 25, 47),
	(32, 1, 19),
	(32, 2, 12),
	(32, 3, 6),
	(32, 4, 18),
	(32, 5, 31),
	(32, 6, 5),
	(32, 7, 2),
	(32, 8, 39),
	(32, 9, 12),
	(32, 10, 5),
	(32, 11, 8),
	(32, 12, 48),
	(32, 13, 48),
	(32, 14, 46),
	(32, 15, 19),
	(32, 16, 23),
	(32, 17, 14),
	(32, 18, 39),
	(32, 19, 29),
	(32, 20, 11),
	(32, 21, 3),
	(32, 22, 21),
	(32, 23, 23),
	(32, 24, 12),
	(32, 25, 8),
	(33, 1, 10),
	(33, 2, 43),
	(33, 3, 28),
	(33, 4, 36),
	(33, 5, 44),
	(33, 6, 10),
	(33, 7, 23),
	(33, 8, 48),
	(33, 9, 49),
	(33, 10, 4),
	(33, 11, 14),
	(33, 12, 32),
	(33, 13, 17),
	(33, 14, 38),
	(33, 15, 42),
	(33, 16, 23),
	(33, 17, 40),
	(33, 18, 30),
	(33, 19, 27),
	(33, 20, 22),
	(33, 21, 21),
	(33, 22, 46),
	(33, 23, 29),
	(33, 24, 2),
	(33, 25, 16),
	(34, 1, 4),
	(34, 2, 48),
	(34, 3, 28),
	(34, 4, 30),
	(34, 5, 48),
	(34, 6, 50),
	(34, 7, 34),
	(34, 8, 26),
	(34, 9, 43),
	(34, 10, 40),
	(34, 11, 7),
	(34, 12, 6),
	(34, 13, 20),
	(34, 14, 5),
	(34, 15, 48),
	(34, 16, 39),
	(34, 17, 17),
	(34, 18, 34),
	(34, 19, 37),
	(34, 20, 4),
	(34, 21, 11),
	(34, 22, 14),
	(34, 23, 31),
	(34, 24, 41),
	(34, 25, 18),
	(35, 1, 6),
	(35, 2, 21),
	(35, 3, 20),
	(35, 4, 28),
	(35, 5, 13),
	(35, 6, 11),
	(35, 7, 21),
	(35, 8, 20),
	(35, 9, 19),
	(35, 10, 23),
	(35, 11, 25),
	(35, 12, 13),
	(35, 13, 39),
	(35, 14, 1),
	(35, 15, 19),
	(35, 16, 19),
	(35, 17, 6),
	(35, 18, 42),
	(35, 19, 39),
	(35, 20, 1),
	(35, 21, 31),
	(35, 22, 28),
	(35, 23, 3),
	(35, 24, 13),
	(35, 25, 7),
	(36, 1, 13),
	(36, 2, 40),
	(36, 3, 31),
	(36, 4, 35),
	(36, 5, 46),
	(36, 6, 31),
	(36, 7, 41),
	(36, 8, 50),
	(36, 9, 7),
	(36, 10, 1),
	(36, 11, 41),
	(36, 12, 14),
	(36, 13, 9),
	(36, 14, 25),
	(36, 15, 15),
	(36, 16, 14),
	(36, 17, 23),
	(36, 18, 30),
	(36, 19, 43),
	(36, 20, 44),
	(36, 21, 50),
	(36, 22, 25),
	(36, 23, 30),
	(36, 24, 22),
	(36, 25, 12),
	(37, 1, 26),
	(37, 2, 34),
	(37, 3, 43),
	(37, 4, 40),
	(37, 5, 1),
	(37, 6, 17),
	(37, 7, 40),
	(37, 8, 49),
	(37, 9, 44),
	(37, 10, 26),
	(37, 11, 46),
	(37, 12, 23),
	(37, 13, 33),
	(37, 14, 20),
	(37, 15, 9),
	(37, 16, 44),
	(37, 17, 40),
	(37, 18, 3),
	(37, 19, 33),
	(37, 20, 13),
	(37, 21, 29),
	(37, 22, 0),
	(37, 23, 20),
	(37, 24, 11),
	(37, 25, 18),
	(38, 1, 39),
	(38, 2, 22),
	(38, 3, 11),
	(38, 4, 19),
	(38, 5, 14),
	(38, 6, 7),
	(38, 7, 4),
	(38, 8, 0),
	(38, 9, 34),
	(38, 10, 12),
	(38, 11, 32),
	(38, 12, 1),
	(38, 13, 40),
	(38, 14, 17),
	(38, 15, 18),
	(38, 16, 8),
	(38, 17, 2),
	(38, 18, 22),
	(38, 19, 50),
	(38, 20, 14),
	(38, 21, 33),
	(38, 22, 6),
	(38, 23, 9),
	(38, 24, 49),
	(38, 25, 34),
	(39, 1, 39),
	(39, 2, 29),
	(39, 3, 41),
	(39, 4, 20),
	(39, 5, 22),
	(39, 6, 5),
	(39, 7, 27),
	(39, 8, 28),
	(39, 9, 48),
	(39, 10, 23),
	(39, 11, 16),
	(39, 12, 2),
	(39, 13, 39),
	(39, 14, 45),
	(39, 15, 31),
	(39, 16, 25),
	(39, 17, 32),
	(39, 18, 29),
	(39, 19, 50),
	(39, 20, 5),
	(39, 21, 15),
	(39, 22, 50),
	(39, 23, 12),
	(39, 24, 48),
	(39, 25, 37),
	(40, 1, 48),
	(40, 2, 36),
	(40, 3, 12),
	(40, 4, 28),
	(40, 5, 29),
	(40, 6, 6),
	(40, 7, 36),
	(40, 8, 29),
	(40, 9, 27),
	(40, 10, 24),
	(40, 11, 34),
	(40, 12, 18),
	(40, 13, 11),
	(40, 14, 15),
	(40, 15, 27),
	(40, 16, 25),
	(40, 17, 46),
	(40, 18, 14),
	(40, 19, 39),
	(40, 20, 36),
	(40, 21, 8),
	(40, 22, 2),
	(40, 23, 35),
	(40, 24, 33),
	(40, 25, 47),
	(41, 1, 47),
	(41, 2, 38),
	(41, 3, 0),
	(41, 4, 2),
	(41, 5, 34),
	(41, 6, 19),
	(41, 7, 26),
	(41, 8, 9),
	(41, 9, 13),
	(41, 10, 29),
	(41, 11, 11),
	(41, 12, 0),
	(41, 13, 25),
	(41, 14, 35),
	(41, 15, 16),
	(41, 16, 6),
	(41, 17, 8),
	(41, 18, 9),
	(41, 19, 14),
	(41, 20, 24),
	(41, 21, 28),
	(41, 22, 31),
	(41, 23, 48),
	(41, 24, 30),
	(41, 25, 20),
	(42, 1, 18),
	(42, 2, 44),
	(42, 3, 15),
	(42, 4, 22),
	(42, 5, 28),
	(42, 6, 18),
	(42, 7, 16),
	(42, 8, 24),
	(42, 9, 6),
	(42, 10, 14),
	(42, 11, 32),
	(42, 12, 46),
	(42, 13, 0),
	(42, 14, 23),
	(42, 15, 12),
	(42, 16, 25),
	(42, 17, 12),
	(42, 18, 11),
	(42, 19, 39),
	(42, 20, 34),
	(42, 21, 20),
	(42, 22, 40),
	(42, 23, 19),
	(42, 24, 17),
	(42, 25, 47),
	(43, 1, 12),
	(43, 2, 7),
	(43, 3, 45),
	(43, 4, 16),
	(43, 5, 15),
	(43, 6, 35),
	(43, 7, 30),
	(43, 8, 43),
	(43, 9, 46),
	(43, 10, 48),
	(43, 11, 45),
	(43, 12, 27),
	(43, 13, 16),
	(43, 14, 45),
	(43, 15, 17),
	(43, 16, 41),
	(43, 17, 23),
	(43, 18, 7),
	(43, 19, 29),
	(43, 20, 34),
	(43, 21, 20),
	(43, 22, 0),
	(43, 23, 42),
	(43, 24, 43),
	(43, 25, 33),
	(44, 1, 33),
	(44, 2, 43),
	(44, 3, 34),
	(44, 4, 18),
	(44, 5, 48),
	(44, 6, 10),
	(44, 7, 34),
	(44, 8, 8),
	(44, 9, 8),
	(44, 10, 42),
	(44, 11, 29),
	(44, 12, 41),
	(44, 13, 13),
	(44, 14, 23),
	(44, 15, 12),
	(44, 16, 50),
	(44, 17, 13),
	(44, 18, 26),
	(44, 19, 0),
	(44, 20, 19),
	(44, 21, 43),
	(44, 22, 17),
	(44, 23, 19),
	(44, 24, 35),
	(44, 25, 6),
	(45, 1, 0),
	(45, 2, 22),
	(45, 3, 19),
	(45, 4, 39),
	(45, 5, 14),
	(45, 6, 2),
	(45, 7, 45),
	(45, 8, 4),
	(45, 9, 40),
	(45, 10, 17),
	(45, 11, 19),
	(45, 12, 13),
	(45, 13, 18),
	(45, 14, 33),
	(45, 15, 15),
	(45, 16, 32),
	(45, 17, 4),
	(45, 18, 32),
	(45, 19, 26),
	(45, 20, 8),
	(45, 21, 5),
	(45, 22, 5),
	(45, 23, 36),
	(45, 24, 27),
	(45, 25, 17),
	(46, 1, 12),
	(46, 2, 13),
	(46, 3, 10),
	(46, 4, 45),
	(46, 5, 6),
	(46, 6, 12),
	(46, 7, 37),
	(46, 8, 44),
	(46, 9, 36),
	(46, 10, 7),
	(46, 11, 36),
	(46, 12, 37),
	(46, 13, 25),
	(46, 14, 40),
	(46, 15, 2),
	(46, 16, 40),
	(46, 17, 50),
	(46, 18, 41),
	(46, 19, 33),
	(46, 20, 13),
	(46, 21, 28),
	(46, 22, 8),
	(46, 23, 12),
	(46, 24, 28),
	(46, 25, 34),
	(47, 1, 7),
	(47, 2, 48),
	(47, 3, 12),
	(47, 4, 47),
	(47, 5, 18),
	(47, 6, 7),
	(47, 7, 1),
	(47, 8, 46),
	(47, 9, 39),
	(47, 10, 28),
	(47, 11, 6),
	(47, 12, 32),
	(47, 13, 26),
	(47, 14, 0),
	(47, 15, 17),
	(47, 16, 16),
	(47, 17, 3),
	(47, 18, 46),
	(47, 19, 49),
	(47, 20, 23),
	(47, 21, 43),
	(47, 22, 23),
	(47, 23, 6),
	(47, 24, 20),
	(47, 25, 46),
	(48, 1, 16),
	(48, 2, 18),
	(48, 3, 29),
	(48, 4, 13),
	(48, 5, 5),
	(48, 6, 0),
	(48, 7, 19),
	(48, 8, 26),
	(48, 9, 26),
	(48, 10, 7),
	(48, 11, 32),
	(48, 12, 37),
	(48, 13, 7),
	(48, 14, 4),
	(48, 15, 14),
	(48, 16, 38),
	(48, 17, 25),
	(48, 18, 18),
	(48, 19, 42),
	(48, 20, 43),
	(48, 21, 14),
	(48, 22, 49),
	(48, 23, 7),
	(48, 24, 44),
	(48, 25, 36),
	(49, 1, 45),
	(49, 2, 30),
	(49, 3, 43),
	(49, 4, 41),
	(49, 5, 29),
	(49, 6, 37),
	(49, 7, 39),
	(49, 8, 8),
	(49, 9, 12),
	(49, 10, 44),
	(49, 11, 39),
	(49, 12, 34),
	(49, 13, 1),
	(49, 14, 24),
	(49, 15, 42),
	(49, 16, 5),
	(49, 17, 42),
	(49, 18, 30),
	(49, 19, 12),
	(49, 20, 29),
	(49, 21, 39),
	(49, 22, 13),
	(49, 23, 14),
	(49, 24, 42),
	(49, 25, 15),
	(50, 1, 20),
	(50, 2, 40),
	(50, 3, 29),
	(50, 4, 36),
	(50, 5, 43),
	(50, 6, 10),
	(50, 7, 12),
	(50, 8, 29),
	(50, 9, 43),
	(50, 10, 23),
	(50, 11, 25),
	(50, 12, 5),
	(50, 13, 21),
	(50, 14, 0),
	(50, 15, 2),
	(50, 16, 25),
	(50, 17, 9),
	(50, 18, 20),
	(50, 19, 10),
	(50, 20, 26),
	(50, 21, 29),
	(50, 22, 24),
	(50, 23, 0),
	(50, 24, 4),
	(50, 25, 43);

INSERT INTO measurement VALUES
    (1, 'kg'),
	(2, 'cups'),
	(3, 'tsp'),
	(4, 'tbsp'),
	(5, 'ml'),
	(6, 'g'),
	(7, 'gallon'),
	(8, 'quarts');

INSERT INTO user_allergy VALUES
    (1, 21),
	(17, 22),
	(20, 1),
	(5, 20),
	(10, 14),
	(16, 8),
	(25, 22),
	(6, 23),
	(9, 13),
	(14, 7),
	(18, 5),
	(21, 8),
	(23, 14),
	(4, 7),
	(13, 19),
	(7, 11),
	(2, 2),
	(19, 1),
	(3, 13),
	(22, 16),
	(11, 9),
	(12, 21),
	(24, 19),
	(15, 13),
	(8, 20);

INSERT INTO recipe_ingredient_measurement VALUES
    (1, 4, 5, 1.0),
	(1, 22, 1, 2.13),
	(2, 17, 3, 3.72),
	(2, 1, 1, 1.0),
	(2, 8, 8, 3.22),
	(2, 15, 7, 1.77),
	(2, 11, 2, 1.0),
	(2, 24, 7, 4.84),
	(2, 5, 6, 3.0),
	(3, 18, 8, 1.0),
	(3, 22, 4, 3.0),
	(3, 25, 6, 1.4),
	(3, 10, 5, 4.9),
	(4, 4, 7, 2.0),
	(4, 2, 8, 2.3),
	(4, 8, 8, 2.2),
	(4, 11, 6, 1.0),
	(4, 21, 6, 4.0),
	(4, 9, 1, 5.0),
	(4, 26, 3, 3.21),
	(5, 12, 2, 3.85),
	(6, 14, 2, 3.0),
	(6, 24, 4, 4.2),
	(6, 9, 7, 3.8),
	(6, 25, 8, 1.6),
	(7, 18, 6, 1.7),
	(7, 21, 7, 2.5),
	(7, 13, 4, 3.0),
	(7, 1, 5, 2.2),
	(7, 6, 1, 4.68),
	(8, 2, 1, 4.1),
	(8, 1, 2, 3.9),
	(8, 17, 8, 2.12),
	(8, 5, 6, 1.36),
	(8, 4, 3, 2.4),
	(8, 15, 7, 1.29),
	(8, 3, 8, 3.32),
	(9, 8, 8, 4.3),
	(9, 19, 8, 4.0),
	(10, 12, 7, 2.7),
	(10, 10, 5, 2.1),
	(11, 7, 4, 2.1),
	(11, 14, 4, 4.0),
	(12, 19, 2, 4.0),
	(13, 11, 7, 3.0),
	(13, 7, 6, 3.56),
	(13, 18, 7, 2.0),
	(13, 1, 4, 5.0),
	(13, 23, 3, 4.6),
	(14, 7, 4, 1.4),
	(15, 3, 7, 3.27),
	(15, 10, 8, 3.0),
	(15, 2, 8, 4.2),
	(15, 11, 7, 2.1),
	(15, 14, 7, 2.0),
	(15, 15, 4, 2.76),
	(15, 7, 1, 3.0),
	(16, 1, 1, 2.0),
	(16, 14, 3, 2.2),
	(16, 19, 6, 1.65),
	(17, 19, 6, 3.9),
	(17, 25, 1, 1.0),
	(17, 4, 6, 3.3),
	(17, 22, 3, 4.0),
	(17, 18, 4, 3.76),
	(18, 21, 4, 3.22),
	(18, 13, 2, 3.0),
	(18, 8, 4, 3.0),
	(18, 25, 4, 2.0),
	(18, 12, 3, 2.0),
	(18, 26, 2, 4.4),
	(19, 4, 7, 2.68),
	(19, 15, 1, 2.2),
	(20, 5, 6, 1.5),
	(20, 24, 2, 1.4),
	(20, 9, 5, 3.07),
	(20, 16, 5, 3.9),
	(20, 4, 6, 4.1),
	(20, 21, 7, 3.06),
	(21, 25, 7, 2.28),
	(21, 7, 4, 3.0),
	(21, 21, 5, 3.08),
	(21, 22, 5, 1.1),
	(21, 20, 8, 3.5),
	(22, 13, 7, 3.4),
	(22, 1, 6, 2.0),
	(23, 8, 6, 3.2),
	(23, 10, 8, 2.0),
	(23, 13, 8, 2.0),
	(23, 9, 7, 2.19),
	(23, 11, 4, 4.0),
	(23, 7, 6, 3.0),
	(24, 6, 3, 4.39),
	(24, 12, 3, 3.75),
	(24, 19, 7, 1.51),
	(25, 14, 3, 3.0),
	(25, 22, 1, 1.05),
	(25, 5, 3, 4.9),
	(25, 16, 2, 3.1),
	(25, 8, 5, 1.72),
	(26, 12, 7, 4.1),
	(26, 7, 4, 4.83),
	(26, 23, 6, 4.0),
	(26, 14, 4, 1.24),
	(26, 6, 5, 3.3),
	(26, 13, 1, 4.86),
	(27, 2, 4, 4.0),
	(27, 13, 4, 2.9),
	(27, 21, 6, 2.7),
	(27, 24, 5, 4.18),
	(27, 6, 7, 2.1),
	(27, 8, 8, 3.8),
	(27, 17, 7, 4.82),
	(28, 24, 4, 2.15),
	(29, 1, 6, 2.1),
	(29, 25, 7, 4.22),
	(29, 15, 5, 2.32),
	(29, 3, 8, 1.66),
	(29, 14, 2, 1.45),
	(29, 23, 3, 2.8),
	(29, 21, 6, 5.0),
	(30, 9, 8, 1.0),
	(30, 20, 1, 4.2),
	(30, 8, 1, 3.28),
	(30, 23, 5, 3.08),
	(30, 1, 2, 4.7),
	(30, 21, 2, 1.1),
	(31, 14, 8, 1.0),
	(32, 6, 1, 4.1),
	(32, 8, 7, 1.1),
	(32, 12, 7, 5.0),
	(32, 4, 3, 3.0),
	(33, 22, 8, 3.0),
	(33, 4, 3, 4.36),
	(33, 2, 8, 3.92),
	(33, 15, 8, 2.0),
	(33, 13, 7, 2.4),
	(33, 10, 1, 2.5),
	(34, 19, 1, 2.93),
	(34, 24, 4, 4.5),
	(34, 26, 5, 1.1),
	(34, 18, 4, 4.0),
	(34, 6, 7, 4.0),
	(35, 1, 2, 3.29),
	(35, 3, 6, 4.0),
	(35, 15, 3, 2.2),
	(35, 10, 4, 4.6),
	(36, 21, 4, 2.0),
	(36, 9, 5, 5.0),
	(36, 18, 1, 4.0),
	(36, 17, 6, 4.9),
	(37, 10, 7, 3.0),
	(37, 2, 4, 3.46),
	(38, 10, 1, 3.21),
	(38, 23, 1, 2.7),
	(38, 22, 5, 2.4),
	(38, 15, 3, 3.7),
	(39, 14, 3, 2.8),
	(39, 17, 1, 2.7),
	(40, 1, 1, 2.82),
	(40, 3, 3, 4.1),
	(40, 22, 5, 4.8),
	(40, 20, 6, 4.0),
	(40, 10, 7, 2.5),
	(40, 15, 6, 4.1),
	(40, 6, 2, 4.91),
	(41, 5, 8, 4.0),
	(41, 3, 6, 3.8),
	(41, 21, 7, 3.42),
	(41, 2, 1, 1.0),
	(41, 14, 8, 2.67),
	(41, 26, 6, 2.4),
	(41, 17, 7, 3.7),
	(42, 15, 3, 2.0),
	(42, 19, 5, 2.0),
	(42, 2, 2, 4.0),
	(42, 7, 8, 4.0),
	(42, 13, 3, 1.0),
	(42, 20, 6, 3.0),
	(43, 17, 1, 1.0),
	(43, 3, 1, 2.0),
	(43, 14, 6, 3.9),
	(43, 2, 3, 3.02),
	(43, 20, 8, 1.46),
	(44, 11, 3, 2.5),
	(45, 4, 5, 3.0),
	(45, 12, 3, 1.1),
	(46, 15, 5, 4.43),
	(46, 10, 1, 2.47),
	(46, 23, 3, 2.56),
	(46, 25, 1, 2.0),
	(46, 16, 4, 2.2),
	(46, 21, 3, 5.0),
	(46, 9, 5, 2.7),
	(47, 22, 2, 4.0),
	(47, 11, 5, 5.0),
	(47, 18, 5, 4.5),
	(48, 23, 7, 1.7),
	(48, 2, 1, 4.5),
	(48, 11, 5, 2.86),
	(48, 17, 3, 2.9),
	(48, 16, 3, 1.1),
	(48, 4, 1, 1.14),
	(48, 15, 8, 4.0),
	(49, 12, 8, 3.6),
	(50, 11, 4, 2.9),
	(50, 23, 4, 1.1);

INSERT INTO meal_plan VALUES
    (1, 1),
	(2, 2),
	(3, 3),
	(4, 4),
	(5, 5),
	(6, 6),
	(7, 7),
	(8, 8),
	(9, 9),
	(10, 10),
	(11, 11),
	(12, 12),
	(13, 13),
	(14, 14),
	(15, 15),
	(16, 16),
	(17, 17),
	(18, 18),
	(19, 19),
	(20, 20),
	(21, 21),
	(22, 22),
	(23, 23),
	(24, 24),
	(25, 25),
	(26, 26),
	(27, 27),
	(28, 28),
	(29, 29),
	(30, 30),
	(31, 31),
	(32, 32),
	(33, 33),
	(34, 34),
	(35, 35),
	(36, 36),
	(37, 37),
	(38, 38),
	(39, 39),
	(40, 40),
	(41, 41),
	(42, 42),
	(43, 43),
	(44, 44),
	(45, 45),
	(46, 46),
	(47, 47),
	(48, 48),
	(49, 49),
	(50, 50);

INSERT INTO planned_meal VALUES
    (1, 'Breakfast', 3, 45, 1),
	(2, 'Lunch', 6, 22, 1),
	(3, 'Dinner', 6, 37, 1),
	(4, 'Breakfast', 3, 28, 1),
	(5, 'Lunch', 3, 20, 1),
	(6, 'Dinner', 2, 7, 1),
	(7, 'Breakfast', 1, 5, 1),
	(8, 'Lunch', 5, 38, 1),
	(9, 'Dinner', 2, 37, 1),
	(10, 'Breakfast', 4, 13, 1),
	(11, 'Lunch', 4, 36, 1),
	(12, 'Dinner', 5, 16, 1),
	(13, 'Breakfast', 4, 30, 1),
	(14, 'Lunch', 5, 23, 1),
	(15, 'Dinner', 3, 29, 1),
	(16, 'Breakfast', 2, 8, 1),
	(17, 'Lunch', 1, 18, 1),
	(18, 'Dinner', 6, 17, 1),
	(19, 'Breakfast', 4, 42, 1),
	(20, 'Lunch', 6, 5, 1),
	(21, 'Dinner', 4, 27, 1),
	(22, 'Breakfast', 4, 36, 2),
	(23, 'Lunch', 5, 6, 2),
	(24, 'Dinner', 2, 18, 2),
	(25, 'Breakfast', 3, 29, 2),
	(26, 'Lunch', 3, 47, 2),
	(27, 'Dinner', 1, 45, 2),
	(28, 'Breakfast', 1, 13, 2),
	(29, 'Lunch', 6, 22, 2),
	(30, 'Dinner', 2, 24, 2),
	(31, 'Breakfast', 1, 4, 2),
	(32, 'Lunch', 2, 12, 2),
	(33, 'Dinner', 4, 12, 2),
	(34, 'Breakfast', 6, 31, 2),
	(35, 'Lunch', 5, 44, 2),
	(36, 'Dinner', 5, 20, 2),
	(37, 'Breakfast', 6, 31, 2),
	(38, 'Lunch', 2, 46, 2),
	(39, 'Dinner', 3, 4, 2),
	(40, 'Breakfast', 1, 36, 2),
	(41, 'Lunch', 2, 49, 2),
	(42, 'Dinner', 6, 19, 2),
	(43, 'Breakfast', 2, 35, 3),
	(44, 'Lunch', 5, 48, 3),
	(45, 'Dinner', 5, 20, 3),
	(46, 'Breakfast', 2, 22, 3),
	(47, 'Lunch', 6, 41, 3),
	(48, 'Dinner', 6, 11, 3),
	(49, 'Breakfast', 4, 12, 3),
	(50, 'Lunch', 6, 46, 3),
	(51, 'Dinner', 1, 20, 3),
	(52, 'Breakfast', 3, 32, 3),
	(53, 'Lunch', 3, 46, 3),
	(54, 'Dinner', 1, 41, 3),
	(55, 'Breakfast', 3, 44, 3),
	(56, 'Lunch', 6, 7, 3),
	(57, 'Dinner', 3, 15, 3),
	(58, 'Breakfast', 1, 39, 3),
	(59, 'Lunch', 3, 42, 3),
	(60, 'Dinner', 2, 6, 3),
	(61, 'Breakfast', 5, 15, 3),
	(62, 'Lunch', 3, 24, 3),
	(63, 'Dinner', 1, 49, 3),
	(64, 'Breakfast', 4, 41, 4),
	(65, 'Lunch', 5, 45, 4),
	(66, 'Dinner', 5, 8, 4),
	(67, 'Breakfast', 3, 10, 4),
	(68, 'Lunch', 6, 10, 4),
	(69, 'Dinner', 3, 40, 4),
	(70, 'Breakfast', 1, 6, 4),
	(71, 'Lunch', 2, 41, 4),
	(72, 'Dinner', 4, 21, 4),
	(73, 'Breakfast', 5, 33, 4),
	(74, 'Lunch', 1, 18, 4),
	(75, 'Dinner', 5, 44, 4),
	(76, 'Breakfast', 1, 22, 4),
	(77, 'Lunch', 3, 38, 4),
	(78, 'Dinner', 4, 33, 4),
	(79, 'Breakfast', 4, 9, 4),
	(80, 'Lunch', 4, 7, 4),
	(81, 'Dinner', 6, 14, 4),
	(82, 'Breakfast', 1, 17, 4),
	(83, 'Lunch', 4, 49, 4),
	(84, 'Dinner', 3, 4, 4),
	(85, 'Breakfast', 1, 37, 5),
	(86, 'Lunch', 3, 36, 5),
	(87, 'Dinner', 5, 7, 5),
	(88, 'Breakfast', 3, 19, 5),
	(89, 'Lunch', 1, 23, 5),
	(90, 'Dinner', 6, 33, 5),
	(91, 'Breakfast', 4, 24, 5),
	(92, 'Lunch', 4, 44, 5),
	(93, 'Dinner', 5, 35, 5),
	(94, 'Breakfast', 1, 16, 5),
	(95, 'Lunch', 2, 15, 5),
	(96, 'Dinner', 5, 27, 5),
	(97, 'Breakfast', 5, 19, 5),
	(98, 'Lunch', 4, 8, 5),
	(99, 'Dinner', 3, 1, 5),
	(100, 'Breakfast', 4, 17, 5),
	(101, 'Lunch', 3, 6, 5),
	(102, 'Dinner', 6, 18, 5),
	(103, 'Breakfast', 5, 44, 5),
	(104, 'Lunch', 4, 6, 5),
	(105, 'Dinner', 1, 48, 5),
	(106, 'Breakfast', 1, 6, 6),
	(107, 'Lunch', 4, 34, 6),
	(108, 'Dinner', 1, 41, 6),
	(109, 'Breakfast', 1, 19, 6),
	(110, 'Lunch', 2, 32, 6),
	(111, 'Dinner', 2, 44, 6),
	(112, 'Breakfast', 5, 42, 6),
	(113, 'Lunch', 6, 12, 6),
	(114, 'Dinner', 6, 4, 6),
	(115, 'Breakfast', 4, 47, 6),
	(116, 'Lunch', 2, 25, 6),
	(117, 'Dinner', 3, 48, 6),
	(118, 'Breakfast', 4, 23, 6),
	(119, 'Lunch', 6, 24, 6),
	(120, 'Dinner', 3, 27, 6),
	(121, 'Breakfast', 2, 6, 6),
	(122, 'Lunch', 4, 45, 6),
	(123, 'Dinner', 6, 41, 6),
	(124, 'Breakfast', 6, 9, 6),
	(125, 'Lunch', 1, 17, 6),
	(126, 'Dinner', 1, 8, 6),
	(127, 'Breakfast', 2, 21, 7),
	(128, 'Lunch', 4, 2, 7),
	(129, 'Dinner', 4, 9, 7),
	(130, 'Breakfast', 4, 1, 7),
	(131, 'Lunch', 3, 3, 7),
	(132, 'Dinner', 1, 18, 7),
	(133, 'Breakfast', 5, 28, 7),
	(134, 'Lunch', 5, 47, 7),
	(135, 'Dinner', 6, 27, 7),
	(136, 'Breakfast', 3, 35, 7),
	(137, 'Lunch', 3, 22, 7),
	(138, 'Dinner', 4, 26, 7),
	(139, 'Breakfast', 6, 47, 7),
	(140, 'Lunch', 3, 2, 7),
	(141, 'Dinner', 6, 36, 7),
	(142, 'Breakfast', 1, 27, 7),
	(143, 'Lunch', 5, 33, 7),
	(144, 'Dinner', 3, 2, 7),
	(145, 'Breakfast', 4, 49, 7),
	(146, 'Lunch', 6, 40, 7),
	(147, 'Dinner', 3, 13, 7),
	(148, 'Breakfast', 2, 29, 8),
	(149, 'Lunch', 5, 13, 8),
	(150, 'Dinner', 3, 21, 8),
	(151, 'Breakfast', 2, 27, 8),
	(152, 'Lunch', 4, 18, 8),
	(153, 'Dinner', 6, 26, 8),
	(154, 'Breakfast', 1, 20, 8),
	(155, 'Lunch', 2, 32, 8),
	(156, 'Dinner', 2, 24, 8),
	(157, 'Breakfast', 5, 47, 8),
	(158, 'Lunch', 2, 4, 8),
	(159, 'Dinner', 2, 22, 8),
	(160, 'Breakfast', 4, 11, 8),
	(161, 'Lunch', 2, 15, 8),
	(162, 'Dinner', 3, 23, 8),
	(163, 'Breakfast', 6, 49, 8),
	(164, 'Lunch', 5, 9, 8),
	(165, 'Dinner', 1, 2, 8),
	(166, 'Breakfast', 2, 39, 8),
	(167, 'Lunch', 4, 36, 8),
	(168, 'Dinner', 5, 44, 8),
	(169, 'Breakfast', 5, 33, 9),
	(170, 'Lunch', 1, 6, 9),
	(171, 'Dinner', 1, 35, 9),
	(172, 'Breakfast', 4, 15, 9),
	(173, 'Lunch', 1, 32, 9),
	(174, 'Dinner', 6, 22, 9),
	(175, 'Breakfast', 4, 30, 9),
	(176, 'Lunch', 4, 42, 9),
	(177, 'Dinner', 6, 21, 9),
	(178, 'Breakfast', 2, 5, 9),
	(179, 'Lunch', 2, 42, 9),
	(180, 'Dinner', 3, 9, 9),
	(181, 'Breakfast', 5, 49, 9),
	(182, 'Lunch', 6, 9, 9),
	(183, 'Dinner', 2, 37, 9),
	(184, 'Breakfast', 1, 39, 9),
	(185, 'Lunch', 1, 31, 9),
	(186, 'Dinner', 5, 48, 9),
	(187, 'Breakfast', 4, 5, 9),
	(188, 'Lunch', 4, 7, 9),
	(189, 'Dinner', 2, 44, 9),
	(190, 'Breakfast', 6, 16, 10),
	(191, 'Lunch', 2, 26, 10),
	(192, 'Dinner', 3, 45, 10),
	(193, 'Breakfast', 1, 25, 10),
	(194, 'Lunch', 1, 12, 10),
	(195, 'Dinner', 5, 10, 10),
	(196, 'Breakfast', 6, 38, 10),
	(197, 'Lunch', 6, 34, 10),
	(198, 'Dinner', 2, 7, 10),
	(199, 'Breakfast', 5, 12, 10),
	(200, 'Lunch', 3, 41, 10),
	(201, 'Dinner', 4, 9, 10),
	(202, 'Breakfast', 6, 17, 10),
	(203, 'Lunch', 4, 17, 10),
	(204, 'Dinner', 2, 44, 10),
	(205, 'Breakfast', 6, 14, 10),
	(206, 'Lunch', 5, 4, 10),
	(207, 'Dinner', 3, 49, 10),
	(208, 'Breakfast', 6, 39, 10),
	(209, 'Lunch', 3, 37, 10),
	(210, 'Dinner', 1, 7, 10),
	(211, 'Breakfast', 6, 45, 11),
	(212, 'Lunch', 2, 3, 11),
	(213, 'Dinner', 6, 13, 11),
	(214, 'Breakfast', 4, 43, 11),
	(215, 'Lunch', 6, 33, 11),
	(216, 'Dinner', 5, 36, 11),
	(217, 'Breakfast', 1, 33, 11),
	(218, 'Lunch', 3, 13, 11),
	(219, 'Dinner', 5, 43, 11),
	(220, 'Breakfast', 6, 20, 11),
	(221, 'Lunch', 4, 25, 11),
	(222, 'Dinner', 6, 33, 11),
	(223, 'Breakfast', 3, 10, 11),
	(224, 'Lunch', 4, 6, 11),
	(225, 'Dinner', 3, 39, 11),
	(226, 'Breakfast', 6, 19, 11),
	(227, 'Lunch', 4, 41, 11),
	(228, 'Dinner', 2, 38, 11),
	(229, 'Breakfast', 1, 44, 11),
	(230, 'Lunch', 2, 39, 11),
	(231, 'Dinner', 3, 22, 11),
	(232, 'Breakfast', 4, 34, 12),
	(233, 'Lunch', 1, 32, 12),
	(234, 'Dinner', 6, 49, 12),
	(235, 'Breakfast', 1, 6, 12),
	(236, 'Lunch', 3, 23, 12),
	(237, 'Dinner', 4, 10, 12),
	(238, 'Breakfast', 2, 36, 12),
	(239, 'Lunch', 6, 21, 12),
	(240, 'Dinner', 5, 5, 12),
	(241, 'Breakfast', 5, 10, 12),
	(242, 'Lunch', 4, 2, 12),
	(243, 'Dinner', 2, 11, 12),
	(244, 'Breakfast', 4, 25, 12),
	(245, 'Lunch', 1, 8, 12),
	(246, 'Dinner', 1, 26, 12),
	(247, 'Breakfast', 2, 39, 12),
	(248, 'Lunch', 4, 43, 12),
	(249, 'Dinner', 6, 27, 12),
	(250, 'Breakfast', 2, 17, 12),
	(251, 'Lunch', 6, 41, 12),
	(252, 'Dinner', 3, 13, 12),
	(253, 'Breakfast', 4, 37, 13),
	(254, 'Lunch', 5, 50, 13),
	(255, 'Dinner', 6, 47, 13),
	(256, 'Breakfast', 5, 12, 13),
	(257, 'Lunch', 1, 26, 13),
	(258, 'Dinner', 4, 49, 13),
	(259, 'Breakfast', 1, 37, 13),
	(260, 'Lunch', 6, 45, 13),
	(261, 'Dinner', 3, 11, 13),
	(262, 'Breakfast', 4, 25, 13),
	(263, 'Lunch', 1, 7, 13),
	(264, 'Dinner', 6, 7, 13),
	(265, 'Breakfast', 5, 4, 13),
	(266, 'Lunch', 5, 43, 13),
	(267, 'Dinner', 4, 7, 13),
	(268, 'Breakfast', 3, 15, 13),
	(269, 'Lunch', 4, 33, 13),
	(270, 'Dinner', 1, 12, 13),
	(271, 'Breakfast', 5, 27, 13),
	(272, 'Lunch', 2, 2, 13),
	(273, 'Dinner', 6, 13, 13),
	(274, 'Breakfast', 6, 44, 14),
	(275, 'Lunch', 6, 13, 14),
	(276, 'Dinner', 5, 29, 14),
	(277, 'Breakfast', 4, 31, 14),
	(278, 'Lunch', 5, 9, 14),
	(279, 'Dinner', 2, 18, 14),
	(280, 'Breakfast', 3, 24, 14),
	(281, 'Lunch', 4, 4, 14),
	(282, 'Dinner', 5, 3, 14),
	(283, 'Breakfast', 3, 36, 14),
	(284, 'Lunch', 3, 31, 14),
	(285, 'Dinner', 5, 19, 14),
	(286, 'Breakfast', 1, 30, 14),
	(287, 'Lunch', 2, 18, 14),
	(288, 'Dinner', 1, 29, 14),
	(289, 'Breakfast', 4, 43, 14),
	(290, 'Lunch', 5, 31, 14),
	(291, 'Dinner', 2, 44, 14),
	(292, 'Breakfast', 2, 15, 14),
	(293, 'Lunch', 3, 14, 14),
	(294, 'Dinner', 4, 36, 14),
	(295, 'Breakfast', 2, 40, 15),
	(296, 'Lunch', 5, 44, 15),
	(297, 'Dinner', 2, 24, 15),
	(298, 'Breakfast', 6, 1, 15),
	(299, 'Lunch', 4, 19, 15),
	(300, 'Dinner', 1, 15, 15),
	(301, 'Breakfast', 5, 5, 15),
	(302, 'Lunch', 5, 50, 15),
	(303, 'Dinner', 6, 50, 15),
	(304, 'Breakfast', 5, 33, 15),
	(305, 'Lunch', 1, 23, 15),
	(306, 'Dinner', 2, 19, 15),
	(307, 'Breakfast', 4, 30, 15),
	(308, 'Lunch', 5, 40, 15),
	(309, 'Dinner', 2, 38, 15),
	(310, 'Breakfast', 6, 9, 15),
	(311, 'Lunch', 6, 25, 15),
	(312, 'Dinner', 5, 42, 15),
	(313, 'Breakfast', 1, 14, 15),
	(314, 'Lunch', 1, 49, 15),
	(315, 'Dinner', 5, 22, 15),
	(316, 'Breakfast', 4, 25, 16),
	(317, 'Lunch', 6, 35, 16),
	(318, 'Dinner', 2, 27, 16),
	(319, 'Breakfast', 3, 46, 16),
	(320, 'Lunch', 3, 25, 16),
	(321, 'Dinner', 4, 13, 16),
	(322, 'Breakfast', 4, 24, 16),
	(323, 'Lunch', 3, 41, 16),
	(324, 'Dinner', 2, 27, 16),
	(325, 'Breakfast', 4, 19, 16),
	(326, 'Lunch', 3, 40, 16),
	(327, 'Dinner', 2, 11, 16),
	(328, 'Breakfast', 5, 1, 16),
	(329, 'Lunch', 2, 31, 16),
	(330, 'Dinner', 6, 47, 16),
	(331, 'Breakfast', 6, 30, 16),
	(332, 'Lunch', 6, 6, 16),
	(333, 'Dinner', 2, 29, 16),
	(334, 'Breakfast', 1, 13, 16),
	(335, 'Lunch', 4, 49, 16),
	(336, 'Dinner', 2, 19, 16),
	(337, 'Breakfast', 1, 2, 17),
	(338, 'Lunch', 4, 50, 17),
	(339, 'Dinner', 2, 27, 17),
	(340, 'Breakfast', 1, 38, 17),
	(341, 'Lunch', 4, 3, 17),
	(342, 'Dinner', 5, 22, 17),
	(343, 'Breakfast', 3, 28, 17),
	(344, 'Lunch', 5, 22, 17),
	(345, 'Dinner', 4, 33, 17),
	(346, 'Breakfast', 5, 22, 17),
	(347, 'Lunch', 6, 40, 17),
	(348, 'Dinner', 3, 45, 17),
	(349, 'Breakfast', 5, 13, 17),
	(350, 'Lunch', 6, 18, 17),
	(351, 'Dinner', 1, 12, 17),
	(352, 'Breakfast', 6, 39, 17),
	(353, 'Lunch', 2, 4, 17),
	(354, 'Dinner', 6, 43, 17),
	(355, 'Breakfast', 3, 16, 17),
	(356, 'Lunch', 3, 36, 17),
	(357, 'Dinner', 1, 1, 17),
	(358, 'Breakfast', 6, 6, 18),
	(359, 'Lunch', 2, 13, 18),
	(360, 'Dinner', 1, 10, 18),
	(361, 'Breakfast', 6, 34, 18),
	(362, 'Lunch', 2, 16, 18),
	(363, 'Dinner', 2, 36, 18),
	(364, 'Breakfast', 1, 12, 18),
	(365, 'Lunch', 5, 48, 18),
	(366, 'Dinner', 6, 14, 18),
	(367, 'Breakfast', 4, 46, 18),
	(368, 'Lunch', 2, 24, 18),
	(369, 'Dinner', 1, 19, 18),
	(370, 'Breakfast', 1, 40, 18),
	(371, 'Lunch', 3, 21, 18),
	(372, 'Dinner', 2, 11, 18),
	(373, 'Breakfast', 3, 21, 18),
	(374, 'Lunch', 3, 36, 18),
	(375, 'Dinner', 4, 13, 18),
	(376, 'Breakfast', 3, 6, 18),
	(377, 'Lunch', 3, 22, 18),
	(378, 'Dinner', 2, 26, 18),
	(379, 'Breakfast', 3, 25, 19),
	(380, 'Lunch', 3, 47, 19),
	(381, 'Dinner', 3, 4, 19),
	(382, 'Breakfast', 5, 43, 19),
	(383, 'Lunch', 4, 9, 19),
	(384, 'Dinner', 1, 14, 19),
	(385, 'Breakfast', 1, 33, 19),
	(386, 'Lunch', 3, 38, 19),
	(387, 'Dinner', 4, 38, 19),
	(388, 'Breakfast', 2, 29, 19),
	(389, 'Lunch', 2, 28, 19),
	(390, 'Dinner', 1, 46, 19),
	(391, 'Breakfast', 5, 28, 19),
	(392, 'Lunch', 1, 25, 19),
	(393, 'Dinner', 6, 6, 19),
	(394, 'Breakfast', 2, 48, 19),
	(395, 'Lunch', 5, 29, 19),
	(396, 'Dinner', 4, 40, 19),
	(397, 'Breakfast', 6, 18, 19),
	(398, 'Lunch', 3, 16, 19),
	(399, 'Dinner', 1, 24, 19),
	(400, 'Breakfast', 1, 26, 20),
	(401, 'Lunch', 1, 23, 20),
	(402, 'Dinner', 5, 8, 20),
	(403, 'Breakfast', 6, 3, 20),
	(404, 'Lunch', 6, 6, 20),
	(405, 'Dinner', 6, 12, 20),
	(406, 'Breakfast', 2, 38, 20),
	(407, 'Lunch', 4, 21, 20),
	(408, 'Dinner', 4, 24, 20),
	(409, 'Breakfast', 6, 38, 20),
	(410, 'Lunch', 5, 37, 20),
	(411, 'Dinner', 2, 3, 20),
	(412, 'Breakfast', 2, 15, 20),
	(413, 'Lunch', 3, 41, 20),
	(414, 'Dinner', 6, 7, 20),
	(415, 'Breakfast', 3, 10, 20),
	(416, 'Lunch', 4, 50, 20),
	(417, 'Dinner', 5, 7, 20),
	(418, 'Breakfast', 3, 24, 20),
	(419, 'Lunch', 5, 48, 20),
	(420, 'Dinner', 3, 32, 20),
	(421, 'Breakfast', 2, 41, 21),
	(422, 'Lunch', 2, 22, 21),
	(423, 'Dinner', 4, 10, 21),
	(424, 'Breakfast', 5, 3, 21),
	(425, 'Lunch', 4, 36, 21),
	(426, 'Dinner', 3, 44, 21),
	(427, 'Breakfast', 3, 48, 21),
	(428, 'Lunch', 2, 3, 21),
	(429, 'Dinner', 6, 48, 21),
	(430, 'Breakfast', 5, 42, 21),
	(431, 'Lunch', 1, 42, 21),
	(432, 'Dinner', 1, 35, 21),
	(433, 'Breakfast', 3, 46, 21),
	(434, 'Lunch', 6, 17, 21),
	(435, 'Dinner', 3, 6, 21),
	(436, 'Breakfast', 4, 18, 21),
	(437, 'Lunch', 1, 32, 21),
	(438, 'Dinner', 2, 16, 21),
	(439, 'Breakfast', 6, 50, 21),
	(440, 'Lunch', 3, 10, 21),
	(441, 'Dinner', 3, 31, 21),
	(442, 'Breakfast', 5, 29, 22),
	(443, 'Lunch', 4, 33, 22),
	(444, 'Dinner', 1, 40, 22),
	(445, 'Breakfast', 2, 46, 22),
	(446, 'Lunch', 6, 4, 22),
	(447, 'Dinner', 1, 29, 22),
	(448, 'Breakfast', 4, 4, 22),
	(449, 'Lunch', 5, 38, 22),
	(450, 'Dinner', 6, 5, 22),
	(451, 'Breakfast', 1, 41, 22),
	(452, 'Lunch', 5, 15, 22),
	(453, 'Dinner', 1, 36, 22),
	(454, 'Breakfast', 6, 23, 22),
	(455, 'Lunch', 6, 1, 22),
	(456, 'Dinner', 1, 41, 22),
	(457, 'Breakfast', 5, 42, 22),
	(458, 'Lunch', 1, 48, 22),
	(459, 'Dinner', 6, 48, 22),
	(460, 'Breakfast', 6, 44, 22),
	(461, 'Lunch', 6, 43, 22),
	(462, 'Dinner', 5, 5, 22),
	(463, 'Breakfast', 6, 2, 23),
	(464, 'Lunch', 1, 26, 23),
	(465, 'Dinner', 6, 7, 23),
	(466, 'Breakfast', 6, 37, 23),
	(467, 'Lunch', 2, 8, 23),
	(468, 'Dinner', 1, 9, 23),
	(469, 'Breakfast', 4, 30, 23),
	(470, 'Lunch', 1, 4, 23),
	(471, 'Dinner', 6, 3, 23),
	(472, 'Breakfast', 2, 10, 23),
	(473, 'Lunch', 6, 43, 23),
	(474, 'Dinner', 3, 17, 23),
	(475, 'Breakfast', 3, 20, 23),
	(476, 'Lunch', 5, 50, 23),
	(477, 'Dinner', 1, 13, 23),
	(478, 'Breakfast', 2, 13, 23),
	(479, 'Lunch', 6, 20, 23),
	(480, 'Dinner', 3, 33, 23),
	(481, 'Breakfast', 2, 44, 23),
	(482, 'Lunch', 5, 39, 23),
	(483, 'Dinner', 2, 10, 23),
	(484, 'Breakfast', 5, 13, 24),
	(485, 'Lunch', 1, 22, 24),
	(486, 'Dinner', 3, 26, 24),
	(487, 'Breakfast', 4, 24, 24),
	(488, 'Lunch', 4, 47, 24),
	(489, 'Dinner', 5, 30, 24),
	(490, 'Breakfast', 6, 1, 24),
	(491, 'Lunch', 1, 29, 24),
	(492, 'Dinner', 4, 23, 24),
	(493, 'Breakfast', 5, 18, 24),
	(494, 'Lunch', 6, 40, 24),
	(495, 'Dinner', 1, 26, 24),
	(496, 'Breakfast', 4, 16, 24),
	(497, 'Lunch', 5, 34, 24),
	(498, 'Dinner', 5, 32, 24),
	(499, 'Breakfast', 4, 23, 24),
	(500, 'Lunch', 6, 33, 24),
	(501, 'Dinner', 6, 19, 24),
	(502, 'Breakfast', 1, 32, 24),
	(503, 'Lunch', 1, 23, 24),
	(504, 'Dinner', 1, 38, 24),
	(505, 'Breakfast', 4, 42, 25),
	(506, 'Lunch', 4, 38, 25),
	(507, 'Dinner', 6, 21, 25),
	(508, 'Breakfast', 5, 28, 25),
	(509, 'Lunch', 3, 16, 25),
	(510, 'Dinner', 6, 5, 25),
	(511, 'Breakfast', 6, 4, 25),
	(512, 'Lunch', 6, 5, 25),
	(513, 'Dinner', 2, 11, 25),
	(514, 'Breakfast', 5, 9, 25),
	(515, 'Lunch', 3, 38, 25),
	(516, 'Dinner', 2, 8, 25),
	(517, 'Breakfast', 6, 47, 25),
	(518, 'Lunch', 4, 37, 25),
	(519, 'Dinner', 5, 21, 25),
	(520, 'Breakfast', 5, 4, 25),
	(521, 'Lunch', 1, 1, 25),
	(522, 'Dinner', 6, 39, 25),
	(523, 'Breakfast', 6, 37, 25),
	(524, 'Lunch', 4, 27, 25),
	(525, 'Dinner', 1, 45, 25),
	(526, 'Breakfast', 6, 32, 26),
	(527, 'Lunch', 2, 42, 26),
	(528, 'Dinner', 5, 32, 26),
	(529, 'Breakfast', 2, 41, 26),
	(530, 'Lunch', 2, 6, 26),
	(531, 'Dinner', 3, 15, 26),
	(532, 'Breakfast', 5, 48, 26),
	(533, 'Lunch', 4, 39, 26),
	(534, 'Dinner', 1, 2, 26),
	(535, 'Breakfast', 4, 48, 26),
	(536, 'Lunch', 2, 47, 26),
	(537, 'Dinner', 4, 43, 26),
	(538, 'Breakfast', 1, 43, 26),
	(539, 'Lunch', 2, 1, 26),
	(540, 'Dinner', 6, 4, 26),
	(541, 'Breakfast', 2, 22, 26),
	(542, 'Lunch', 1, 40, 26),
	(543, 'Dinner', 3, 43, 26),
	(544, 'Breakfast', 5, 40, 26),
	(545, 'Lunch', 3, 26, 26),
	(546, 'Dinner', 1, 7, 26),
	(547, 'Breakfast', 5, 2, 27),
	(548, 'Lunch', 1, 37, 27),
	(549, 'Dinner', 5, 21, 27),
	(550, 'Breakfast', 2, 43, 27),
	(551, 'Lunch', 2, 48, 27),
	(552, 'Dinner', 4, 4, 27),
	(553, 'Breakfast', 1, 21, 27),
	(554, 'Lunch', 1, 21, 27),
	(555, 'Dinner', 2, 4, 27),
	(556, 'Breakfast', 3, 24, 27),
	(557, 'Lunch', 4, 21, 27),
	(558, 'Dinner', 4, 12, 27),
	(559, 'Breakfast', 3, 21, 27),
	(560, 'Lunch', 6, 39, 27),
	(561, 'Dinner', 6, 40, 27),
	(562, 'Breakfast', 2, 25, 27),
	(563, 'Lunch', 2, 50, 27),
	(564, 'Dinner', 6, 29, 27),
	(565, 'Breakfast', 4, 20, 27),
	(566, 'Lunch', 6, 7, 27),
	(567, 'Dinner', 3, 17, 27),
	(568, 'Breakfast', 5, 48, 28),
	(569, 'Lunch', 6, 27, 28),
	(570, 'Dinner', 5, 45, 28),
	(571, 'Breakfast', 6, 7, 28),
	(572, 'Lunch', 5, 37, 28),
	(573, 'Dinner', 5, 25, 28),
	(574, 'Breakfast', 3, 4, 28),
	(575, 'Lunch', 3, 43, 28),
	(576, 'Dinner', 4, 30, 28),
	(577, 'Breakfast', 5, 32, 28),
	(578, 'Lunch', 2, 7, 28),
	(579, 'Dinner', 2, 9, 28),
	(580, 'Breakfast', 5, 24, 28),
	(581, 'Lunch', 5, 24, 28),
	(582, 'Dinner', 2, 8, 28),
	(583, 'Breakfast', 3, 32, 28),
	(584, 'Lunch', 4, 6, 28),
	(585, 'Dinner', 6, 35, 28),
	(586, 'Breakfast', 6, 39, 28),
	(587, 'Lunch', 6, 15, 28),
	(588, 'Dinner', 5, 11, 28),
	(589, 'Breakfast', 3, 48, 29),
	(590, 'Lunch', 2, 43, 29),
	(591, 'Dinner', 1, 22, 29),
	(592, 'Breakfast', 6, 33, 29),
	(593, 'Lunch', 3, 9, 29),
	(594, 'Dinner', 6, 24, 29),
	(595, 'Breakfast', 1, 40, 29),
	(596, 'Lunch', 6, 2, 29),
	(597, 'Dinner', 6, 35, 29),
	(598, 'Breakfast', 6, 19, 29),
	(599, 'Lunch', 2, 15, 29),
	(600, 'Dinner', 2, 28, 29),
	(601, 'Breakfast', 1, 49, 29),
	(602, 'Lunch', 2, 23, 29),
	(603, 'Dinner', 6, 9, 29),
	(604, 'Breakfast', 4, 33, 29),
	(605, 'Lunch', 1, 40, 29),
	(606, 'Dinner', 1, 30, 29),
	(607, 'Breakfast', 5, 15, 29),
	(608, 'Lunch', 2, 27, 29),
	(609, 'Dinner', 2, 6, 29),
	(610, 'Breakfast', 2, 42, 30),
	(611, 'Lunch', 5, 32, 30),
	(612, 'Dinner', 2, 17, 30),
	(613, 'Breakfast', 4, 8, 30),
	(614, 'Lunch', 2, 24, 30),
	(615, 'Dinner', 5, 43, 30),
	(616, 'Breakfast', 6, 41, 30),
	(617, 'Lunch', 3, 32, 30),
	(618, 'Dinner', 3, 41, 30),
	(619, 'Breakfast', 2, 3, 30),
	(620, 'Lunch', 1, 30, 30),
	(621, 'Dinner', 4, 20, 30),
	(622, 'Breakfast', 2, 16, 30),
	(623, 'Lunch', 2, 7, 30),
	(624, 'Dinner', 2, 17, 30),
	(625, 'Breakfast', 2, 3, 30),
	(626, 'Lunch', 6, 21, 30),
	(627, 'Dinner', 6, 13, 30),
	(628, 'Breakfast', 6, 44, 30),
	(629, 'Lunch', 4, 11, 30),
	(630, 'Dinner', 2, 7, 30),
	(631, 'Breakfast', 1, 1, 31),
	(632, 'Lunch', 1, 48, 31),
	(633, 'Dinner', 2, 42, 31),
	(634, 'Breakfast', 4, 49, 31),
	(635, 'Lunch', 3, 8, 31),
	(636, 'Dinner', 1, 32, 31),
	(637, 'Breakfast', 2, 42, 31),
	(638, 'Lunch', 1, 5, 31),
	(639, 'Dinner', 6, 6, 31),
	(640, 'Breakfast', 3, 16, 31),
	(641, 'Lunch', 1, 42, 31),
	(642, 'Dinner', 6, 39, 31),
	(643, 'Breakfast', 1, 23, 31),
	(644, 'Lunch', 6, 3, 31),
	(645, 'Dinner', 3, 49, 31),
	(646, 'Breakfast', 2, 3, 31),
	(647, 'Lunch', 3, 36, 31),
	(648, 'Dinner', 2, 35, 31),
	(649, 'Breakfast', 1, 23, 31),
	(650, 'Lunch', 6, 36, 31),
	(651, 'Dinner', 3, 30, 31),
	(652, 'Breakfast', 2, 45, 32),
	(653, 'Lunch', 1, 48, 32),
	(654, 'Dinner', 2, 36, 32),
	(655, 'Breakfast', 1, 7, 32),
	(656, 'Lunch', 3, 38, 32),
	(657, 'Dinner', 6, 42, 32),
	(658, 'Breakfast', 1, 4, 32),
	(659, 'Lunch', 6, 12, 32),
	(660, 'Dinner', 6, 27, 32),
	(661, 'Breakfast', 3, 26, 32),
	(662, 'Lunch', 6, 13, 32),
	(663, 'Dinner', 2, 35, 32),
	(664, 'Breakfast', 6, 2, 32),
	(665, 'Lunch', 4, 26, 32),
	(666, 'Dinner', 1, 31, 32),
	(667, 'Breakfast', 2, 9, 32),
	(668, 'Lunch', 2, 50, 32),
	(669, 'Dinner', 3, 50, 32),
	(670, 'Breakfast', 1, 19, 32),
	(671, 'Lunch', 1, 26, 32),
	(672, 'Dinner', 4, 46, 32),
	(673, 'Breakfast', 5, 25, 33),
	(674, 'Lunch', 2, 32, 33),
	(675, 'Dinner', 6, 13, 33),
	(676, 'Breakfast', 3, 44, 33),
	(677, 'Lunch', 2, 33, 33),
	(678, 'Dinner', 5, 30, 33),
	(679, 'Breakfast', 1, 29, 33),
	(680, 'Lunch', 1, 49, 33),
	(681, 'Dinner', 6, 18, 33),
	(682, 'Breakfast', 5, 36, 33),
	(683, 'Lunch', 2, 44, 33),
	(684, 'Dinner', 1, 26, 33),
	(685, 'Breakfast', 1, 40, 33),
	(686, 'Lunch', 5, 43, 33),
	(687, 'Dinner', 4, 35, 33),
	(688, 'Breakfast', 3, 40, 33),
	(689, 'Lunch', 1, 33, 33),
	(690, 'Dinner', 4, 28, 33),
	(691, 'Breakfast', 1, 44, 33),
	(692, 'Lunch', 3, 8, 33),
	(693, 'Dinner', 5, 30, 33),
	(694, 'Breakfast', 3, 11, 34),
	(695, 'Lunch', 2, 2, 34),
	(696, 'Dinner', 6, 48, 34),
	(697, 'Breakfast', 6, 32, 34),
	(698, 'Lunch', 3, 46, 34),
	(699, 'Dinner', 2, 41, 34),
	(700, 'Breakfast', 2, 49, 34),
	(701, 'Lunch', 5, 18, 34),
	(702, 'Dinner', 1, 40, 34),
	(703, 'Breakfast', 6, 23, 34),
	(704, 'Lunch', 6, 17, 34),
	(705, 'Dinner', 1, 16, 34),
	(706, 'Breakfast', 3, 39, 34),
	(707, 'Lunch', 4, 28, 34),
	(708, 'Dinner', 4, 44, 34),
	(709, 'Breakfast', 6, 8, 34),
	(710, 'Lunch', 2, 36, 34),
	(711, 'Dinner', 6, 26, 34),
	(712, 'Breakfast', 2, 12, 34),
	(713, 'Lunch', 1, 13, 34),
	(714, 'Dinner', 3, 38, 34),
	(715, 'Breakfast', 4, 34, 35),
	(716, 'Lunch', 5, 25, 35),
	(717, 'Dinner', 2, 40, 35),
	(718, 'Breakfast', 1, 28, 35),
	(719, 'Lunch', 2, 6, 35),
	(720, 'Dinner', 3, 7, 35),
	(721, 'Breakfast', 4, 24, 35),
	(722, 'Lunch', 6, 43, 35),
	(723, 'Dinner', 1, 15, 35),
	(724, 'Breakfast', 3, 16, 35),
	(725, 'Lunch', 6, 25, 35),
	(726, 'Dinner', 2, 50, 35),
	(727, 'Breakfast', 4, 5, 35),
	(728, 'Lunch', 1, 25, 35),
	(729, 'Dinner', 6, 28, 35),
	(730, 'Breakfast', 4, 34, 35),
	(731, 'Lunch', 2, 19, 35),
	(732, 'Dinner', 4, 47, 35),
	(733, 'Breakfast', 1, 22, 35),
	(734, 'Lunch', 1, 2, 35),
	(735, 'Dinner', 2, 17, 35),
	(736, 'Breakfast', 2, 11, 36),
	(737, 'Lunch', 1, 14, 36),
	(738, 'Dinner', 5, 43, 36),
	(739, 'Breakfast', 3, 14, 36),
	(740, 'Lunch', 4, 27, 36),
	(741, 'Dinner', 2, 44, 36),
	(742, 'Breakfast', 5, 19, 36),
	(743, 'Lunch', 5, 13, 36),
	(744, 'Dinner', 2, 39, 36),
	(745, 'Breakfast', 5, 50, 36),
	(746, 'Lunch', 6, 35, 36),
	(747, 'Dinner', 4, 49, 36),
	(748, 'Breakfast', 2, 12, 36),
	(749, 'Lunch', 1, 11, 36),
	(750, 'Dinner', 4, 14, 36),
	(751, 'Breakfast', 2, 24, 36),
	(752, 'Lunch', 3, 45, 36),
	(753, 'Dinner', 2, 11, 36),
	(754, 'Breakfast', 6, 3, 36),
	(755, 'Lunch', 2, 2, 36),
	(756, 'Dinner', 2, 9, 36),
	(757, 'Breakfast', 1, 28, 37),
	(758, 'Lunch', 4, 38, 37),
	(759, 'Dinner', 4, 41, 37),
	(760, 'Breakfast', 3, 30, 37),
	(761, 'Lunch', 2, 46, 37),
	(762, 'Dinner', 2, 27, 37),
	(763, 'Breakfast', 6, 37, 37),
	(764, 'Lunch', 2, 27, 37),
	(765, 'Dinner', 2, 22, 37),
	(766, 'Breakfast', 6, 10, 37),
	(767, 'Lunch', 3, 44, 37),
	(768, 'Dinner', 2, 43, 37),
	(769, 'Breakfast', 3, 40, 37),
	(770, 'Lunch', 2, 33, 37),
	(771, 'Dinner', 1, 48, 37),
	(772, 'Breakfast', 6, 5, 37),
	(773, 'Lunch', 3, 26, 37),
	(774, 'Dinner', 4, 29, 37),
	(775, 'Breakfast', 2, 15, 37),
	(776, 'Lunch', 5, 25, 37),
	(777, 'Dinner', 1, 17, 37),
	(778, 'Breakfast', 3, 17, 38),
	(779, 'Lunch', 4, 50, 38),
	(780, 'Dinner', 3, 46, 38),
	(781, 'Breakfast', 5, 11, 38),
	(782, 'Lunch', 6, 18, 38),
	(783, 'Dinner', 6, 1, 38),
	(784, 'Breakfast', 1, 7, 38),
	(785, 'Lunch', 4, 41, 38),
	(786, 'Dinner', 2, 19, 38),
	(787, 'Breakfast', 6, 30, 38),
	(788, 'Lunch', 2, 26, 38),
	(789, 'Dinner', 3, 44, 38),
	(790, 'Breakfast', 2, 43, 38),
	(791, 'Lunch', 4, 46, 38),
	(792, 'Dinner', 6, 22, 38),
	(793, 'Breakfast', 5, 24, 38),
	(794, 'Lunch', 5, 36, 38),
	(795, 'Dinner', 6, 21, 38),
	(796, 'Breakfast', 6, 12, 38),
	(797, 'Lunch', 6, 35, 38),
	(798, 'Dinner', 1, 24, 38),
	(799, 'Breakfast', 2, 20, 39),
	(800, 'Lunch', 4, 23, 39),
	(801, 'Dinner', 1, 12, 39),
	(802, 'Breakfast', 2, 31, 39),
	(803, 'Lunch', 1, 35, 39),
	(804, 'Dinner', 2, 8, 39),
	(805, 'Breakfast', 4, 34, 39),
	(806, 'Lunch', 2, 7, 39),
	(807, 'Dinner', 5, 36, 39),
	(808, 'Breakfast', 3, 48, 39),
	(809, 'Lunch', 6, 31, 39),
	(810, 'Dinner', 5, 38, 39),
	(811, 'Breakfast', 5, 46, 39),
	(812, 'Lunch', 4, 6, 39),
	(813, 'Dinner', 1, 19, 39),
	(814, 'Breakfast', 6, 43, 39),
	(815, 'Lunch', 3, 40, 39),
	(816, 'Dinner', 1, 34, 39),
	(817, 'Breakfast', 3, 39, 39),
	(818, 'Lunch', 6, 38, 39),
	(819, 'Dinner', 2, 28, 39),
	(820, 'Breakfast', 5, 12, 40),
	(821, 'Lunch', 1, 48, 40),
	(822, 'Dinner', 6, 5, 40),
	(823, 'Breakfast', 2, 45, 40),
	(824, 'Lunch', 4, 3, 40),
	(825, 'Dinner', 6, 4, 40),
	(826, 'Breakfast', 5, 12, 40),
	(827, 'Lunch', 4, 30, 40),
	(828, 'Dinner', 6, 42, 40),
	(829, 'Breakfast', 3, 37, 40),
	(830, 'Lunch', 2, 5, 40),
	(831, 'Dinner', 6, 17, 40),
	(832, 'Breakfast', 6, 19, 40),
	(833, 'Lunch', 1, 26, 40),
	(834, 'Dinner', 5, 33, 40),
	(835, 'Breakfast', 6, 13, 40),
	(836, 'Lunch', 1, 11, 40),
	(837, 'Dinner', 3, 47, 40),
	(838, 'Breakfast', 4, 34, 40),
	(839, 'Lunch', 4, 16, 40),
	(840, 'Dinner', 4, 24, 40),
	(841, 'Breakfast', 1, 48, 41),
	(842, 'Lunch', 2, 26, 41),
	(843, 'Dinner', 3, 15, 41),
	(844, 'Breakfast', 6, 49, 41),
	(845, 'Lunch', 4, 36, 41),
	(846, 'Dinner', 1, 43, 41),
	(847, 'Breakfast', 1, 24, 41),
	(848, 'Lunch', 2, 22, 41),
	(849, 'Dinner', 2, 1, 41),
	(850, 'Breakfast', 2, 11, 41),
	(851, 'Lunch', 6, 17, 41),
	(852, 'Dinner', 5, 19, 41),
	(853, 'Breakfast', 1, 17, 41),
	(854, 'Lunch', 4, 12, 41),
	(855, 'Dinner', 5, 5, 41),
	(856, 'Breakfast', 2, 47, 41),
	(857, 'Lunch', 5, 39, 41),
	(858, 'Dinner', 3, 33, 41),
	(859, 'Breakfast', 4, 21, 41),
	(860, 'Lunch', 5, 18, 41),
	(861, 'Dinner', 1, 43, 41),
	(862, 'Breakfast', 5, 40, 42),
	(863, 'Lunch', 6, 39, 42),
	(864, 'Dinner', 6, 49, 42),
	(865, 'Breakfast', 1, 11, 42),
	(866, 'Lunch', 1, 12, 42),
	(867, 'Dinner', 1, 8, 42),
	(868, 'Breakfast', 1, 19, 42),
	(869, 'Lunch', 3, 44, 42),
	(870, 'Dinner', 5, 28, 42),
	(871, 'Breakfast', 1, 4, 42),
	(872, 'Lunch', 4, 20, 42),
	(873, 'Dinner', 3, 8, 42),
	(874, 'Breakfast', 4, 16, 42),
	(875, 'Lunch', 4, 20, 42),
	(876, 'Dinner', 5, 18, 42),
	(877, 'Breakfast', 4, 20, 42),
	(878, 'Lunch', 3, 3, 42),
	(879, 'Dinner', 2, 4, 42),
	(880, 'Breakfast', 3, 44, 42),
	(881, 'Lunch', 4, 25, 42),
	(882, 'Dinner', 2, 12, 42),
	(883, 'Breakfast', 4, 26, 43),
	(884, 'Lunch', 2, 2, 43),
	(885, 'Dinner', 4, 26, 43),
	(886, 'Breakfast', 2, 36, 43),
	(887, 'Lunch', 2, 49, 43),
	(888, 'Dinner', 5, 31, 43),
	(889, 'Breakfast', 1, 22, 43),
	(890, 'Lunch', 5, 11, 43),
	(891, 'Dinner', 2, 23, 43),
	(892, 'Breakfast', 6, 5, 43),
	(893, 'Lunch', 5, 28, 43),
	(894, 'Dinner', 3, 35, 43),
	(895, 'Breakfast', 1, 9, 43),
	(896, 'Lunch', 5, 18, 43),
	(897, 'Dinner', 6, 20, 43),
	(898, 'Breakfast', 3, 48, 43),
	(899, 'Lunch', 3, 31, 43),
	(900, 'Dinner', 5, 28, 43),
	(901, 'Breakfast', 5, 34, 43),
	(902, 'Lunch', 6, 24, 43),
	(903, 'Dinner', 6, 47, 43),
	(904, 'Breakfast', 4, 47, 44),
	(905, 'Lunch', 2, 7, 44),
	(906, 'Dinner', 6, 49, 44),
	(907, 'Breakfast', 5, 35, 44),
	(908, 'Lunch', 3, 35, 44),
	(909, 'Dinner', 1, 16, 44),
	(910, 'Breakfast', 2, 29, 44),
	(911, 'Lunch', 1, 36, 44),
	(912, 'Dinner', 3, 28, 44),
	(913, 'Breakfast', 1, 12, 44),
	(914, 'Lunch', 6, 4, 44),
	(915, 'Dinner', 1, 7, 44),
	(916, 'Breakfast', 5, 26, 44),
	(917, 'Lunch', 5, 39, 44),
	(918, 'Dinner', 6, 6, 44),
	(919, 'Breakfast', 5, 7, 44),
	(920, 'Lunch', 5, 36, 44),
	(921, 'Dinner', 3, 3, 44),
	(922, 'Breakfast', 6, 39, 44),
	(923, 'Lunch', 4, 1, 44),
	(924, 'Dinner', 6, 12, 44),
	(925, 'Breakfast', 1, 47, 45),
	(926, 'Lunch', 1, 18, 45),
	(927, 'Dinner', 1, 23, 45),
	(928, 'Breakfast', 6, 48, 45),
	(929, 'Lunch', 6, 28, 45),
	(930, 'Dinner', 1, 17, 45),
	(931, 'Breakfast', 5, 3, 45),
	(932, 'Lunch', 5, 50, 45),
	(933, 'Dinner', 1, 45, 45),
	(934, 'Breakfast', 2, 39, 45),
	(935, 'Lunch', 3, 34, 45),
	(936, 'Dinner', 4, 8, 45),
	(937, 'Breakfast', 5, 11, 45),
	(938, 'Lunch', 4, 10, 45),
	(939, 'Dinner', 4, 21, 45),
	(940, 'Breakfast', 2, 1, 45),
	(941, 'Lunch', 6, 24, 45),
	(942, 'Dinner', 6, 6, 45),
	(943, 'Breakfast', 4, 1, 45),
	(944, 'Lunch', 6, 27, 45),
	(945, 'Dinner', 6, 34, 45),
	(946, 'Breakfast', 1, 28, 46),
	(947, 'Lunch', 4, 14, 46),
	(948, 'Dinner', 5, 32, 46),
	(949, 'Breakfast', 1, 6, 46),
	(950, 'Lunch', 5, 5, 46),
	(951, 'Dinner', 6, 42, 46),
	(952, 'Breakfast', 2, 30, 46),
	(953, 'Lunch', 3, 41, 46),
	(954, 'Dinner', 3, 5, 46),
	(955, 'Breakfast', 5, 4, 46),
	(956, 'Lunch', 1, 28, 46),
	(957, 'Dinner', 3, 50, 46),
	(958, 'Breakfast', 3, 43, 46),
	(959, 'Lunch', 5, 25, 46),
	(960, 'Dinner', 6, 3, 46),
	(961, 'Breakfast', 4, 19, 46),
	(962, 'Lunch', 1, 50, 46),
	(963, 'Dinner', 1, 32, 46),
	(964, 'Breakfast', 3, 30, 46),
	(965, 'Lunch', 6, 10, 46),
	(966, 'Dinner', 3, 38, 46),
	(967, 'Breakfast', 4, 18, 47),
	(968, 'Lunch', 3, 24, 47),
	(969, 'Dinner', 5, 13, 47),
	(970, 'Breakfast', 1, 2, 47),
	(971, 'Lunch', 4, 29, 47),
	(972, 'Dinner', 4, 37, 47),
	(973, 'Breakfast', 1, 35, 47),
	(974, 'Lunch', 4, 1, 47),
	(975, 'Dinner', 5, 9, 47),
	(976, 'Breakfast', 3, 32, 47),
	(977, 'Lunch', 2, 17, 47),
	(978, 'Dinner', 3, 37, 47),
	(979, 'Breakfast', 6, 42, 47),
	(980, 'Lunch', 3, 19, 47),
	(981, 'Dinner', 4, 32, 47),
	(982, 'Breakfast', 4, 12, 47),
	(983, 'Lunch', 1, 47, 47),
	(984, 'Dinner', 2, 9, 47),
	(985, 'Breakfast', 1, 45, 47),
	(986, 'Lunch', 5, 35, 47),
	(987, 'Dinner', 1, 42, 47),
	(988, 'Breakfast', 1, 25, 48),
	(989, 'Lunch', 3, 3, 48),
	(990, 'Dinner', 3, 6, 48),
	(991, 'Breakfast', 1, 44, 48),
	(992, 'Lunch', 5, 22, 48),
	(993, 'Dinner', 5, 17, 48),
	(994, 'Breakfast', 4, 3, 48),
	(995, 'Lunch', 5, 23, 48),
	(996, 'Dinner', 2, 4, 48),
	(997, 'Breakfast', 4, 33, 48),
	(998, 'Lunch', 6, 2, 48),
	(999, 'Dinner', 2, 15, 48),
	(1000, 'Breakfast', 3, 38, 48),
	(1001, 'Lunch', 2, 2, 48),
	(1002, 'Dinner', 3, 33, 48),
	(1003, 'Breakfast', 5, 17, 48),
	(1004, 'Lunch', 6, 21, 48),
	(1005, 'Dinner', 6, 40, 48),
	(1006, 'Breakfast', 2, 46, 48),
	(1007, 'Lunch', 6, 2, 48),
	(1008, 'Dinner', 4, 46, 48),
	(1009, 'Breakfast', 1, 8, 49),
	(1010, 'Lunch', 6, 10, 49),
	(1011, 'Dinner', 5, 36, 49),
	(1012, 'Breakfast', 2, 39, 49),
	(1013, 'Lunch', 1, 18, 49),
	(1014, 'Dinner', 1, 31, 49),
	(1015, 'Breakfast', 4, 37, 49),
	(1016, 'Lunch', 1, 47, 49),
	(1017, 'Dinner', 2, 48, 49),
	(1018, 'Breakfast', 5, 45, 49),
	(1019, 'Lunch', 6, 31, 49),
	(1020, 'Dinner', 3, 25, 49),
	(1021, 'Breakfast', 6, 47, 49),
	(1022, 'Lunch', 2, 15, 49),
	(1023, 'Dinner', 5, 38, 49),
	(1024, 'Breakfast', 1, 11, 49),
	(1025, 'Lunch', 5, 6, 49),
	(1026, 'Dinner', 4, 42, 49),
	(1027, 'Breakfast', 6, 6, 49),
	(1028, 'Lunch', 1, 42, 49),
	(1029, 'Dinner', 3, 12, 49),
	(1030, 'Breakfast', 5, 42, 50),
	(1031, 'Lunch', 2, 23, 50),
	(1032, 'Dinner', 6, 31, 50),
	(1033, 'Breakfast', 4, 10, 50),
	(1034, 'Lunch', 1, 21, 50),
	(1035, 'Dinner', 4, 43, 50),
	(1036, 'Breakfast', 4, 29, 50),
	(1037, 'Lunch', 3, 44, 50),
	(1038, 'Dinner', 1, 7, 50),
	(1039, 'Breakfast', 4, 43, 50),
	(1040, 'Lunch', 4, 20, 50),
	(1041, 'Dinner', 2, 35, 50),
	(1042, 'Breakfast', 1, 38, 50),
	(1043, 'Lunch', 4, 7, 50),
	(1044, 'Dinner', 5, 14, 50),
	(1045, 'Breakfast', 3, 43, 50),
	(1046, 'Lunch', 1, 27, 50),
	(1047, 'Dinner', 1, 28, 50),
	(1048, 'Breakfast', 4, 29, 50),
	(1049, 'Lunch', 5, 22, 50),
	(1050, 'Dinner', 6, 5, 50);
