DROP DATABASE IF EXISTS sophro;
CREATE DATABASE sophro;
USE sophro;


CREATE TABLE allergy (
    allergy_id INT NOT NULL AUTO_INCREMENT,
	allergy_name VARCHAR(255) NOT NULL,

    PRIMARY KEY(allergy_id),
	UNIQUE KEY(allergy_name)
);

CREATE TABLE ingredient (
    ingredient_id INT NOT NULL AUTO_INCREMENT,
	ingredient_name VARCHAR(255) NOT NULL,
	calorie_count INT NOT NULL,

    PRIMARY KEY(ingredient_id),
	UNIQUE KEY(ingredient_name)
);

CREATE TABLE measurement (
    measurement_id INT NOT NULL AUTO_INCREMENT,
	unit VARCHAR(15) NOT NULL,

    PRIMARY KEY(measurement_id),
	UNIQUE KEY(unit)
);

CREATE TABLE user (
    user_id INT NOT NULL AUTO_INCREMENT,
	username VARCHAR(255) NOT NULL,
	first_name VARCHAR(255) NOT NULL,
	last_name VARCHAR(255) NOT NULL,
	password VARCHAR(255) NOT NULL,

    PRIMARY KEY(user_id),
	UNIQUE KEY(username)
);

CREATE TABLE recipe (
    recipe_id INT NOT NULL AUTO_INCREMENT,
	recipe_name VARCHAR(255) NOT NULL,
	image_url VARCHAR(255) NOT NULL,
	prep_time TIME NOT NULL,
	cook_time TIME NOT NULL,
	creation_date DATETIME NOT NULL,
	culture VARCHAR(255) NOT NULL,
	description VARCHAR(255) NOT NULL,
	created_by INT,

    PRIMARY KEY(recipe_id),
	FOREIGN KEY(created_by) REFERENCES user(user_id) ON DELETE RESTRICT ON UPDATE CASCADE,
	UNIQUE KEY(recipe_name)
);

CREATE TABLE ingredient_allergy (
    allergy_id INT NOT NULL,
	ingredient_id INT NOT NULL,

    PRIMARY KEY(allergy_id, ingredient_id),
	FOREIGN KEY(allergy_id) REFERENCES allergy(allergy_id) ON DELETE CASCADE ON UPDATE CASCADE,
	FOREIGN KEY(ingredient_id) REFERENCES ingredient(ingredient_id) ON DELETE CASCADE ON UPDATE CASCADE
);

CREATE TABLE instruction (
    instruction_id INT NOT NULL AUTO_INCREMENT,
	step_number INT NOT NULL,
	instruction_details VARCHAR(255) NOT NULL,
	recipe_id INT NOT NULL,

    PRIMARY KEY(instruction_id),
	FOREIGN KEY(recipe_id) REFERENCES recipe(recipe_id) ON DELETE CASCADE ON UPDATE CASCADE,
	UNIQUE KEY(instruction_id, step_number, instruction_details, recipe_id)
);

CREATE TABLE recipe_ingredient_measurement (
    recipe_id INT NOT NULL,
	ingredient_id INT NOT NULL,
	measurement_id INT NOT NULL,
	amount FLOAT(2) NOT NULL,

    PRIMARY KEY(recipe_id, ingredient_id),
	FOREIGN KEY(recipe_id) REFERENCES recipe(recipe_id) ON DELETE CASCADE ON UPDATE CASCADE,
	FOREIGN KEY(ingredient_id) REFERENCES ingredient(ingredient_id) ON DELETE CASCADE ON UPDATE CASCADE,
	FOREIGN KEY(measurement_id) REFERENCES measurement(measurement_id) ON DELETE CASCADE ON UPDATE CASCADE
);

CREATE TABLE meal_plan (
    plan_id INT NOT NULL AUTO_INCREMENT,
	for_user INT NOT NULL,

    PRIMARY KEY(plan_id),
	FOREIGN KEY(for_user) REFERENCES user(user_id) ON DELETE CASCADE ON UPDATE CASCADE,
	UNIQUE KEY(for_user)
);

CREATE TABLE planned_meal (
    meal_id INT NOT NULL AUTO_INCREMENT,
	time_of_day ENUM('Breakfast', 'Lunch', 'Dinner') NOT NULL,
	serving_size INT NOT NULL,
	recipe_id INT NOT NULL,
	plan_id INT NOT NULL,

    PRIMARY KEY(meal_id, plan_id),
	FOREIGN KEY(recipe_id) REFERENCES recipe(recipe_id) ON DELETE CASCADE ON UPDATE CASCADE,
	FOREIGN KEY(plan_id) REFERENCES meal_plan(plan_id) ON DELETE CASCADE ON UPDATE CASCADE
);

CREATE TABLE user_allergy (
    user_id INT NOT NULL,
	allergy_id INT NOT NULL,

    PRIMARY KEY(user_id, allergy_id),
	FOREIGN KEY(user_id) REFERENCES user(user_id) ON DELETE CASCADE ON UPDATE CASCADE,
	FOREIGN KEY(allergy_id) REFERENCES allergy(allergy_id) ON DELETE CASCADE ON UPDATE CASCADE
);

CREATE TABLE in_stock (
    user_id INT NOT NULL,
	ingredient_id INT NOT NULL,
	stock_quantity INT NOT NULL,

    PRIMARY KEY(user_id, ingredient_id),
	FOREIGN KEY(user_id) REFERENCES user(user_id) ON DELETE CASCADE ON UPDATE CASCADE,
	FOREIGN KEY(ingredient_id) REFERENCES ingredient(ingredient_id) ON DELETE CASCADE ON UPDATE CASCADE
);

CREATE VIEW user_allergy_joined
AS

SELECT
    u.user_id,
    jua.allergy_id,
    jua.allergy_name,
    u.username,
    u.first_name,
    u.last_name
FROM
    user u
    JOIN
        (
            SELECT 
                ua.allergy_id,
                a.allergy_name,
                ua.user_id
            FROM
                user_allergy ua
                JOIN allergy a
                ON a.allergy_id=ua.allergy_id
        ) jua
    ON jua.user_id=u.user_id
;
    
CREATE VIEW user_allergy_joined_agg
AS

SELECT
    u.user_id,
    u.username,
    u.first_name,
    u.last_name,
    JSON_ARRAYAGG(
        JSON_OBJECT(
            'allergy_id',
            u.allergy_id,
            'allergy_name',
            u.allergy_name
        )
    ) allergies
FROM
    user_allergy_joined u
    GROUP BY u.user_id
;
    
CREATE VIEW ingredient_allergy_joined
AS

SELECT
    i.ingredient_id,
    jia.allergy_name,
    jia.allergy_id,
    i.ingredient_name,
    i.calorie_count
FROM
    ingredient i
    JOIN
        (
            SELECT 
                a.allergy_name,
                a.allergy_id,
                ia.ingredient_id
            FROM
                ingredient_allergy ia
                JOIN allergy a
                ON a.allergy_id=ia.allergy_id
        ) jia
    ON jia.ingredient_id=i.ingredient_id
;
    
CREATE VIEW ingredient_allergy_joined_agg
AS

SELECT
    ingredient_id,
    ingredient_name,
    calorie_count,
    JSON_ARRAYAGG(
        JSON_OBJECT(
            'allergy_id',
            allergy_id,
            'allergy_name',
            allergy_name
        )
    ) allergies
FROM ingredient_allergy_joined
GROUP BY ingredient_id
;
    
CREATE VIEW user_in_stock_joined
AS

SELECT 
    u.user_id,
    u.username,
    u.first_name,
    u.last_name,
    u.allergy_id,
    si.allergy_name,
    si.ingredient_id,
    si.ingredient_name,
    si.calorie_count,
    si.stock_quantity,
    si.allergy_id ing_allergy_id,
    si.allergy_name ing_allergy_name
FROM 
    user_allergy_joined u
    JOIN
        (
            SELECT 
                s.stock_quantity,
                i.ingredient_id,
                i.ingredient_name,
                i.calorie_count,
                i.allergy_id,
                i.allergy_name,
                s.user_id
            FROM
                in_stock s
                JOIN ingredient_allergy_joined i
                ON i.ingredient_id=s.ingredient_id
        ) si
    ON si.user_id=u.user_id
;
    
CREATE VIEW user_in_stock_joined_agg
AS

SELECT 
    u.user_id,
    u.username,
    u.first_name,
    u.last_name,
    u.allergies,
    JSON_ARRAYAGG(
        JSON_OBJECT(
            'ingredient',
            JSON_OBJECT(
                'ingredient_id',
                si.ingredient_id,
                'ingredient_name',
                si.ingredient_name,
                'calorie_count',
                si.calorie_count,
                'allergies',
                si.allergies
            ),
            'stock_quantity',
            si.stock_quantity
        )
    ) stock
FROM
    user_allergy_joined_agg u
    JOIN
        (
            SELECT 
                s.stock_quantity,
                i.ingredient_id,
                i.ingredient_name,
                i.calorie_count,
                i.allergies,
                s.user_id
            FROM
                in_stock s
                JOIN ingredient_allergy_joined_agg i
                ON i.ingredient_id=s.ingredient_id
        ) si
    ON si.user_id=u.user_id
    GROUP BY u.user_id
;
    
CREATE VIEW ingredient_measurement_joined
AS

SELECT 
    rimj.ingredient_id,
    rimj.ingredient_name,
    m.measurement_id,
    rimj.amount,
    m.unit,
    rimj.allergy_id,
    rimj.allergy_name,
    rimj.calorie_count,
    rimj.recipe_id
FROM 
    measurement m 
    JOIN 
        (
            SELECT 
                rim.recipe_id,
                rim.ingredient_id,
                ing.ingredient_name,
                ing.calorie_count,
                rim.measurement_id,
                rim.amount,
                ing.allergy_id,
                ing.allergy_name
            FROM 
                recipe_ingredient_measurement rim 
                JOIN ingredient_allergy_joined ing 
                ON ing.ingredient_id=rim.ingredient_id
        ) rimj 
    ON rimj.measurement_id=m.measurement_id
;
    
CREATE VIEW ingredient_measurement_joined_agg
AS

SELECT
    im.recipe_id,
    SUM(im.calorie_count) total_calories,
    JSON_ARRAYAGG(
        JSON_OBJECT(
            'ingredient',JSON_OBJECT('ingredient_id', im.ingredient_id,'ingredient_name',im.ingredient_name, 'calore_count',im.calorie_count), 
            'measurement', JSON_OBJECT('amount', im.amount,'unit', im.unit )
        )
    ) ingredients
FROM ingredient_measurement_joined im
GROUP BY im.recipe_id
;
    
CREATE VIEW instruction_agg
AS

SELECT
    recipe_id,
    JSON_ARRAYAGG(
        JSON_OBJECT(
            'instruction_id',
            instruction_id,
            'step_number',
            step_number,
            'instruction_details',
            instruction_details
        )
    ) instructions
FROM instruction
GROUP BY recipe_id
;
    
CREATE VIEW all_recipes
AS

SELECT 
    ri.recipe_id,
    ri.recipe_name,
    ri.image_url,
    ri.prep_time,
    ri.cook_time,
    ri.creation_date,
    ri.culture,
    ri.description,
    ri.created_by,
    ri.instruction_id,
    ri.step_number,
    ri.instruction_details,
    rimj.ingredient_id,
    rimj.ingredient_name,
    rimj.measurement_id,
    rimj.amount,
    rimj.unit,
    rimj.allergy_id,
    rimj.allergy_name,
    rimj.calorie_count
FROM
    ingredient_measurement_joined rimj
    JOIN
    (
        SELECT
            r.recipe_id,
            r.recipe_name,
            r.image_url,
            r.prep_time,
            r.cook_time,
            r.creation_date,
            r.culture,
            r.description,
            r.created_by,
            instr.instruction_id,
            instr.step_number,
            instr.instruction_details
        FROM recipe r JOIN instruction instr ON instr.recipe_id=r.recipe_id
    ) ri
    ON ri.recipe_id=rimj.recipe_id
;
    
CREATE VIEW all_recipes_agg
AS

SELECT 
    ri.recipe_id,
    ri.recipe_name,
    ri.image_url,
    ri.prep_time,
    ri.cook_time,
    ri.creation_date,
    ri.culture,
    ri.description,
    ri.instructions,
    jimr.ingredients,
    jimr.total_calories
FROM
    ingredient_measurement_joined_agg jimr 
    JOIN
    (
        SELECT 
            r.recipe_id, 
            r.recipe_name,
            r.image_url,
            r.prep_time,
            r.cook_time,
            r.creation_date,
            r.culture,
            r.description,
            created_by created_by_id, 
            instr.instructions
        FROM recipe r JOIN instruction_agg instr ON instr.recipe_id=r.recipe_id
        GROUP BY r.recipe_id
    ) ri
    ON ri.recipe_id=jimr.recipe_id
    GROUP BY ri.recipe_id
;
    
CREATE VIEW planned_meal_recipe_joined
AS

SELECT 
    a.recipe_id,
    a.recipe_name,
    a.image_url,
    a.prep_time,
    a.cook_time,
    a.creation_date,
    a.culture,
    a.description,
    a.created_by,
    a.instruction_id,
    a.step_number,
    a.instruction_details,
    a.ingredient_id,
    a.ingredient_name,
    a.measurement_id,
    a.amount,
    a.unit,
    a.allergy_id,
    a.allergy_name,
    a.calorie_count,
    p.meal_id,
    p.serving_size,
    p.plan_id,
    p.time_of_day
FROM
    planned_meal p JOIN all_recipes a ON p.recipe_id=a.recipe_id
;
    
CREATE VIEW planned_meal_recipe_joined_agg
AS

SELECT
    a.recipe_id,
    a.recipe_name,
    a.image_url,
    a.prep_time,
    a.cook_time,
    a.creation_date,
    a.culture,
    a.description,
    a.instructions,
    a.ingredients,
    a.total_calories,
    p.meal_id,
    p.serving_size,
    p.plan_id,
    p.time_of_day
FROM
    planned_meal p JOIN all_recipes_agg a ON p.recipe_id=a.recipe_id
;
    
CREATE VIEW meal_plans_with_planned_meals
AS

SELECT
    m.plan_id,
    m.for_user,
    p.recipe_id,
    p.recipe_name,
    p.image_url,
    p.prep_time,
    p.cook_time,
    p.creation_date,
    p.culture,
    p.description,
    p.created_by,
    p.instruction_id,
    p.step_number,
    p.instruction_details,
    p.ingredient_id,
    p.ingredient_name,
    p.measurement_id,
    p.amount,
    p.unit,
    p.allergy_id,
    p.allergy_name,
    p.calorie_count,
    p.meal_id,
    p.serving_size,
    p.time_of_day
FROM
    meal_plan m JOIN planned_meal_recipe_joined p ON p.plan_id=m.plan_id
;
    
CREATE VIEW meal_plans_with_planned_meals_agg
AS

SELECT 
    m.for_user, 
    m.plan_id,
    JSON_ARRAYAGG(JSON_OBJECT(
        'image_url',
        p.image_url,
        'recipe_name',
        p.recipe_name,
        'time_of_day',
        p.time_of_day,
        'serving_size', 
        p.serving_size,
        'prep_time',
        p.prep_time,
        'cook_time',
        p.cook_time,
        'creation_date',
        p.creation_date,
        'instructions',
        p.instructions,
        'ingredients',
        p.ingredients,
        'culture',
        p.culture,
        'description',
        p.description)) planned_meals
FROM
    meal_plan m JOIN planned_meal_recipe_joined_agg p ON p.plan_id=m.plan_id
;
    
CREATE VIEW shopping_lists
AS

SELECT
    pa.for_user,
    u.username,
    u.first_name,
    u.last_name,
    pa.ingredient_name,
    u.stock_quantity,
    pa.total_amount amount_needed,
    pa.unit
FROM
    user_in_stock_joined u
    JOIN 
        (
            SELECT
                p.for_user,
                p.ingredient_name,
                SUM(p.amount) total_amount,
                p.unit
            FROM
                meal_plans_with_planned_meals p
            GROUP BY p.for_user, p.ingredient_name
        ) pa
    ON pa.for_user=u.user_id
GROUP BY pa.for_user, pa.ingredient_name
;
    
DELIMITER //

CREATE PROCEDURE insert_recipe(IN mew_image_url VARCHAR(255), IN new_prep_time TIME, IN new_cook_time TIME, IN new_creation_date DATETIME, IN new_culture VARCHAR(255), IN new_description VARCHAR(255), IN new_created_by INT, OUT new_id INT)
BEGIN
    
    INSERT INTO recipe(image_url, prep_time, cook_time,  creation_date, culture, description, created_by)
    VALUES (new_image_url, new_prep_time, new_cook_time, new_creation_date, new_culture, new_description, new_created_by);
    SET new_id = LAST_INSERT_ID();
    
END //

DELIMITER ;

DELIMITER //

CREATE PROCEDURE insert_allergy(IN new_allergy VARCHAR(255), OUT new_id INT)
BEGIN
    
    INSERT INTO allergy(allergy_name) VALUES(new_allergy);
    SET new_id = LAST_INSERT_ID();
    
END //

DELIMITER ;

DELIMITER //

CREATE PROCEDURE insert_user(IN new_username VARCHAR(255), IN new_first_name VARCHAR(255), IN new_last_name VARCHAR(255), IN new_password VARCHAR(255), OUT new_id INT)
BEGIN
    
    INSERT INTO user(username, first_name, last_name, password) VALUES
    (new_username, new_first_name, new_last_name, password);
    SET new_id = LAST_INSERT_ID();
    
END //

DELIMITER ;

DELIMITER //

CREATE PROCEDURE insert_user_with_allergy(IN new_username VARCHAR(255), IN new_first_name VARCHAR(255), IN new_last_name VARCHAR(255), IN new_password VARCHAR(255), IN allergy_id INT, OUT new_id INT)
BEGIN
    
    INSERT INTO user(username, first_name, last_name, password) VALUES
    (new_username, new_first_name, new_last_name, password);
    SET new_id = LAST_INSERT_ID();
    CALL insert_user_allergy(new_id, allergy_id);
    
END //

DELIMITER ;

DELIMITER //

CREATE PROCEDURE delete_record(IN table_name VARCHAR(255), IN id VARCHAR(255), IN value INT)
BEGIN
    
    DELETE FROM table_name WHERE id=value;
END //

DELIMITER ;

DELIMITER //

CREATE PROCEDURE get_user_meal_plan(IN uid INT)
BEGIN
    
    SELECT *
    FROM
        meal_plans_with_planned_meals_agg m
    WHERE m.for_user=uid;
    
END //

DELIMITER ;

DELIMITER //

CREATE PROCEDURE get_user_shopping_list(IN user_id INT)
BEGIN
    
    SELECT *
    FROM shopping_lists s WHERE s.for_user=user_id;
    
END //

DELIMITER ;

DELIMITER //

CREATE PROCEDURE get_one_user(IN uid INT)
BEGIN
    
    SELECT * FROM user_allergy_joined WHERE user_id=uid;
    
END //

DELIMITER ;

INSERT INTO user VALUES
    (1, 'schmidtmichael', 'Wendy', 'Vasquez', '%@23DXwrcyui'),
	(2, 'pateltammy', 'Jeremy', 'Hendrix', '9G6_Px(X_4bW'),
	(3, 'bushmichael', 'Douglas', 'Gutierrez', 'D)QP*@fib(9Q'),
	(4, 'joneslaura', 'Joshua', 'Munoz', '+_Wow39dDMea'),
	(5, 'danielle96', 'David', 'Cross', '(^VCMa!m)6@$'),
	(6, 'jenniferadams', 'Terri', 'Moss', 'mWK(LU%e@383'),
	(7, 'evillanueva', 'Kyle', 'Gonzalez', 'Z29^pvEn^Kb1'),
	(8, 'bryan01', 'Katherine', 'Cochran', 'MiKxcGzI*9wR'),
	(9, 'thomasdavis', 'Heidi', 'Gilbert', 'Yyg*MldapF1U'),
	(10, 'cflores', 'John', 'Gregory', '_zBPZgA6a6qe'),
	(11, 'wschneider', 'Joseph', 'Rodriguez', '48RqR)Gq@IZI'),
	(12, 'lauren32', 'Victor', 'Myers', '!3OGuq*NF4F0'),
	(13, 'garciajenna', 'Brandon', 'Bell', 'N%5$B+rdhDyN'),
	(14, 'jeromeromero', 'Jaime', 'Morgan', '5YY7CWZs!el_'),
	(15, 'masonelizabeth', 'Mary', 'Williams', 'KQ2@hJny#WJ8'),
	(16, 'craig55', 'William', 'Davis', 'fkMFbt#m@q0$'),
	(17, 'april30', 'Douglas', 'Harmon', '279FoRun!$1m'),
	(18, 'floresmichelle', 'Teresa', 'Taylor', '*O0Khci+0pVB'),
	(19, 'efuller', 'Wayne', 'Mcdonald', '+bcBc!$u+4Hm'),
	(20, 'michael02', 'Stacey', 'Tucker', '_$7zBS2j430L'),
	(21, 'tcarpenter', 'Paula', 'Smith', 'H452dR%s%Cjf'),
	(22, 'wsimmons', 'Andrew', 'Jackson', 'S&7i_xL&AeCV'),
	(23, 'rlarson', 'Alexandra', 'Robinson', 'FT)UUs6wFd0B'),
	(24, 'wanda39', 'Sergio', 'Stevens', '(72G3Jet&y$7'),
	(25, 'jacksonaustin', 'Jennifer', 'Franco', 't7YnvzSK(C#Z'),
	(26, 'harveytiffany', 'Bonnie', 'Foster', 'LjZLz4AP*M0c'),
	(27, 'sydneywalters', 'Danielle', 'Smith', '%5t%To8N52Ly'),
	(28, 'nbrady', 'Alan', 'Myers', '$aE0ZoJcqh@g'),
	(29, 'stevensondrew', 'Casey', 'Mora', 'iU#y!Z&$(tR6'),
	(30, 'judyturner', 'Thomas', 'Castro', 'jG%1kK+3*5AJ'),
	(31, 'iclark', 'Steve', 'Reed', 'NS#9x&Jc^#P1'),
	(32, 'tbrown', 'Stephanie', 'Baldwin', 'IurGwFMb(0)0'),
	(33, 'michelle62', 'Nichole', 'Wallace', '(fpPDCzr2c6A'),
	(34, 'jenniferevans', 'Ann', 'Lee', '^3JGcx(^g39m'),
	(35, 'mark41', 'Dylan', 'Miller', 'w@gVHl_%Xe8h'),
	(36, 'dennis36', 'Jessica', 'Weiss', '!9lVwIqpV9z1'),
	(37, 'catherinestevenson', 'Ryan', 'Merritt', 'mv_WFrks&%8T'),
	(38, 'jonathan24', 'Barbara', 'Hawkins', 'c$$1iHe+XWX6'),
	(39, 'bethany18', 'Noah', 'Anderson', 'tE2D8tXz5$m)'),
	(40, 'josephchristensen', 'Andrew', 'Chen', '!zr3MfsIY)bP'),
	(41, 'michaelthomas', 'Trevor', 'Chan', 'n^4*YEkd(S_*'),
	(42, 'randall52', 'Maria', 'Russell', '%3F8*fu3$kyO'),
	(43, 'ythompson', 'James', 'Foster', '$x!eO^8qd5%8'),
	(44, 'hmcdonald', 'Cindy', 'Williams', '!7t2j&Ie*jah'),
	(45, 'jimvalenzuela', 'Sara', 'Watts', 'L*T*vqznq7xS'),
	(46, 'bryantyler', 'Carmen', 'Shaw', 'd$8AK4xmO$ol'),
	(47, 'fthompson', 'James', 'Brown', 'a1qYgF%^+712'),
	(48, 'kjones', 'Ashley', 'Duncan', '$+n6cjiJqbbE'),
	(49, 'debra30', 'Sarah', 'Goodman', 'twmFHVFE$r75'),
	(50, 'nunezkeith', 'Deborah', 'Gordon', 'Gq7VdBRl&akC');

INSERT INTO recipe VALUES
    (1, 'Astringent and Acid Fried Rice Chicken Soup', 'https://placekitten.com/852/850', '01:11:02', '01:58:39', '2021-04-03 18:00:50', 'Cornish', 'Recently law region consider citizen American.', 27),
	(2, 'Appetizing Caramelized Dahl and Beef Lasagne', 'https://www.lorempixel.com/785/921', '00:39:27', '02:13:40', '2021-04-03 18:00:50', 'Zulu', 'Maintain lay week want well century huge purpose. Us camera boy situation successful have. Tonight party amount scientist.', 23),
	(3, 'Balsamic Acid Apple Pie and Brownies', 'https://www.lorempixel.com/938/751', '00:04:47', '00:26:40', '2021-04-03 18:00:50', 'Abkhazian', 'This decision indicate great let. Young opportunity lose book standard moment western there.', 13),
	(4, 'Yummy and Caked Cheesecake and Stew Peas', 'https://www.lorempixel.com/859/924', '03:16:23', '03:27:47', '2021-04-03 18:00:50', 'Kazakh', 'Act bring summer force father professor.', 21),
	(5, 'Appetizing and Blazed Milkshake Rice and Peas', 'https://placeimg.com/472/1013/any', '03:57:20', '03:59:08', '2021-04-03 18:00:50', 'Tatar', 'Might main learn collection several record own. Yeah issue officer control group. Put network old because site woman turn.', 31),
	(6, 'Caked and Juicy Apple Pie Chicken Soup', 'https://placekitten.com/394/727', '02:13:11', '02:01:39', '2021-04-03 18:00:50', 'Ndonga', 'Sign significant author seat coach. Meet happen worker better it general bag drug.', 24),
	(7, 'Yummy Appealing Bread and Red Peas Soup', 'https://dummyimage.com/272x510', '02:52:09', '01:19:25', '2021-04-03 18:00:50', 'Panjabi', 'Space recognize above mother. She specific her price design perform fear.', 16),
	(8, 'Bite-size and Bitter Fried Rice Cheesecake', 'https://dummyimage.com/51x730', '02:20:31', '00:44:09', '2021-04-03 18:00:50', 'Armenian', 'Collection and simple despite include too college. Report never we management service work guy. Happen better strong if argue which.', 5),
	(9, 'Burnt Briny Bread Fried Rice', 'https://www.lorempixel.com/271/982', '03:35:17', '01:25:25', '2021-04-03 18:00:50', 'Hiri Motu', 'Many debate attack me that wish. Price adult so decade can administration. Available travel attack different garden.', 11),
	(10, 'Bitter Candied Plantain Porridge and Red Peas Soup', 'https://dummyimage.com/294x80', '00:37:28', '00:53:58', '2021-04-03 18:00:50', 'Tagalog', 'Term think play friend. Meeting stop half check every. Almost can surface generation tell.', 24),
	(11, 'Calorie Baked Chicken Soup and Cream of Pumpkin Soup', 'https://dummyimage.com/117x743', '02:05:21', '00:11:05', '2021-04-03 18:00:50', 'Persian', 'Important project concern poor. Morning PM media now find.', 16),
	(12, 'Appealing and Buttered Red Peas Soup Apple Pie', 'https://www.lorempixel.com/947/725', '02:44:52', '01:39:50', '2021-04-03 18:00:50', 'Bambara', 'Real heavy season pretty theory ground go how. Keep view property especially serious. Stay account newspaper well apply land.', 21),
	(13, 'Ample and Balsamic Chicken Rice and Peas', 'https://placekitten.com/907/25', '01:28:58', '03:17:39', '2021-04-03 18:00:50', 'Catalan', 'Well improve light long.', 9),
	(14, 'Briny and Caked Taco and Stew Peas', 'https://dummyimage.com/671x95', '01:46:12', '01:22:51', '2021-04-03 18:00:50', 'Turkmen', 'Military outside run near test. Firm though well end either machine. So yes operation make.', 48),
	(15, 'Tasty and Balsamic Bread Red Peas Soup', 'https://placeimg.com/627/114/any', '01:04:35', '02:20:04', '2021-04-03 18:00:50', 'Macedonian', 'Challenge side matter keep across policy. Tv to control change. Control hard card woman.', 22),
	(16, 'Calorie Boiled Bread Cornmeal Porridge', 'https://placekitten.com/258/387', '00:07:34', '01:24:16', '2021-04-03 18:00:50', 'Kannada', 'Possible purpose item explain address may reach.', 36),
	(17, 'Blunt Appealing Plantain Porridge and Beef Lasagne', 'https://placeimg.com/205/579/any', '02:19:44', '02:14:22', '2021-04-03 18:00:50', 'Kazakh', 'Commercial sister career drive north sound suddenly. Real positive color. Yard goal would score support figure.', 49),
	(18, 'Brown and Acidic Chop Suey and Muffin', 'https://placeimg.com/321/397/any', '01:28:44', '00:51:47', '2021-04-03 18:00:50', 'Ojibwa', 'Explain mother husband. Miss painting his fall alone parent.', 39),
	(19, 'Calorie and Buttered Wonton Soup Apple Pie', 'https://dummyimage.com/505x1021', '03:08:44', '02:49:41', '2021-04-03 18:00:50', 'Javanese', 'Finally wear whole draw dinner. Try method choose chance capital vote front. Total citizen Congress.', 48),
	(20, 'Appealing and Blunt Milkshake Beef Lasagne', 'https://placeimg.com/472/1012/any', '02:52:29', '03:24:10', '2021-04-03 18:00:50', 'Sundanese', 'Point skin through message director until kind. All research national fact within chair car.', 5),
	(21, 'Blunt Roasted Rice and Peas and Taco', 'https://placeimg.com/472/395/any', '02:03:04', '02:27:48', '2021-04-03 18:00:50', 'Dzongkha', 'Likely arm research throw within. Personal physical outside. Author and later popular.', 50),
	(22, 'Juicy and Yummy Cheesecake and Beef Lasagne', 'https://dummyimage.com/1019x362', '00:18:03', '03:06:19', '2021-04-03 18:00:50', 'Croatian', 'Local remember last. East when sound.', 18),
	(23, 'Blended and Briny Milkshake and Bread', 'https://dummyimage.com/730x74', '03:26:32', '03:45:49', '2021-04-03 18:00:50', 'Hausa', 'Increase than eight recent read paper investment.', 11),
	(24, 'Briny and Acidic Chop Suey and Brownies', 'https://www.lorempixel.com/1000/658', '00:47:55', '03:14:24', '2021-04-03 18:00:50', 'Croatian', 'Five material article yes. Whose behavior car PM party stay team movement.', 13),
	(25, 'Acid and Appetizing Chop Suey Milkshake', 'https://dummyimage.com/809x982', '03:07:34', '02:18:34', '2021-04-03 18:00:50', 'Chuvash', 'White choice let green into say. Establish she pick recently wear material. Cold center special rate situation usually game but.', 16),
	(26, 'Bite-size Boiled Apple Pie Dahl', 'https://placeimg.com/725/339/any', '03:27:14', '01:47:30', '2021-04-03 18:00:50', 'Sundanese', 'Serious skin group grow I different field. Strong director many consider particularly. Sell different by large easy eat.', 35),
	(27, 'Balsamic and Appealing Rice and Peas Fried Rice', 'https://placekitten.com/692/615', '00:03:10', '03:20:50', '2021-04-03 18:00:50', 'Assamese', 'Perhaps key area source share long moment. Training sign near about.', 15),
	(28, 'Blazed Tasty Muffin and Brownies', 'https://placekitten.com/490/68', '02:23:54', '03:30:34', '2021-04-03 18:00:50', 'Somali', 'Within few act evidence start. Consumer much tonight material information suggest president.', 26),
	(29, 'Beautiful Roasted Beef Lasagne and Brownies', 'https://www.lorempixel.com/704/854', '03:22:37', '01:42:10', '2021-04-03 18:00:50', 'Sichuan Yi', 'Street doctor possible.', 36),
	(30, 'Balsamic Bite-size Bread and Chop Suey', 'https://dummyimage.com/907x439', '03:51:05', '03:58:46', '2021-04-03 18:00:50', 'Faroese', 'Take society low writer you to. Subject write summer loss. Scene get dinner join. Authority certainly candidate unit my.', 37),
	(31, 'Baked Juicy Brownies and Milkshake', 'https://placekitten.com/168/829', '02:12:20', '00:23:38', '2021-04-03 18:00:50', 'Greek', 'According team choose without. Data last action story wait. Listen ago myself response.', 11),
	(32, 'Baked Burnt Shepards Pie and Cornmeal Porridge', 'https://placekitten.com/73/740', '01:44:32', '01:43:12', '2021-04-03 18:00:50', 'Tsonga', 'Around front tough once interest thing. Expect or face civil ten seat.', 28),
	(33, 'Gourmet and Briny Taco and Beef Lasagne', 'https://placeimg.com/835/188/any', '00:41:34', '00:50:50', '2021-04-03 18:00:50', 'Kinyarwanda', 'Cold sign wind scientist. Toward particular help once heavy. Sort admit president his.', 15),
	(34, 'Blended Astringent Beef Lasagne and Cream of Pumpkin Soup', 'https://placekitten.com/351/73', '03:59:55', '03:45:29', '2021-04-03 18:00:50', 'Bashkir', 'Development will now cost his country. Anyone end eye carry enough.', 28),
	(35, 'Tasty Bite-size Brownies and Chicken Soup', 'https://dummyimage.com/800x36', '03:09:28', '00:44:30', '2021-04-03 18:00:50', 'Javanese', 'Piece race next owner. North interview laugh attack according white try. Will tree very box political.', 19),
	(36, 'Blended Aromatic Bread Apple Pie', 'https://dummyimage.com/22x534', '01:29:19', '01:56:41', '2021-04-03 18:00:50', 'Uighur', 'Effect since require would safe present. Left put candidate dark skin maybe. Test building more southern central response little.', 10),
	(37, 'Burnt and Briny Rice and Peas Plantain Porridge', 'https://www.lorempixel.com/1001/271', '03:57:56', '00:02:42', '2021-04-03 18:00:50', 'Tagalog', 'Whether none enjoy. Ok whose summer girl always.', 5),
	(38, 'Bite-size Creamed Rice and Peas Shepards Pie', 'https://dummyimage.com/918x792', '00:54:38', '01:37:32', '2021-04-03 18:00:50', 'Belarusian', 'Data across might serious.', 8),
	(39, 'Gourmet and Boiled Fried Rice and Chicken', 'https://placekitten.com/121/321', '03:17:56', '03:05:14', '2021-04-03 18:00:50', 'Dutch', 'Key discuss able society across federal mouth include. Network bring respond. Red yard general put dream because it concern.', 33),
	(40, 'Creamed Acid Chicken Soup and Cheesecake', 'https://www.lorempixel.com/932/648', '02:09:35', '03:37:02', '2021-04-03 18:00:50', 'Panjabi', 'Require wide authority bill do them fast. Together whether room choice sure.', 50),
	(41, 'Blended Creamy Icecream and Brownies', 'https://www.lorempixel.com/760/955', '01:29:03', '00:07:33', '2021-04-03 18:00:50', 'Sinhala', 'Base ask big management. Project sing easy message assume my.', 11),
	(42, 'Caked Blunt Plantain Porridge and Cornmeal Porridge', 'https://www.lorempixel.com/901/718', '02:18:23', '03:22:39', '2021-04-03 18:00:50', 'Tsonga', 'Move huge expect none use relate start price. Property prove ever game employee. Threat model sometimes morning cold box despite.', 26),
	(43, 'Creamy Appealing Cornmeal Porridge and Plantain Porridge', 'https://placekitten.com/340/1001', '02:29:39', '02:31:43', '2021-04-03 18:00:50', 'Bosnian', 'Half face already visit fast information. Worker significant indicate him raise.', 39),
	(44, 'Boiled Caramelized Apple Pie and Fried Rice', 'https://www.lorempixel.com/356/59', '00:21:11', '02:40:51', '2021-04-03 18:00:50', 'Turkmen', 'Prepare financial term public sell drug education that. Suggest item adult can kitchen federal so. Ok southern you cup of.', 16),
	(45, 'Creamy Bite-size Fried Rice Bread', 'https://www.lorempixel.com/689/447', '00:21:21', '01:25:12', '2021-04-03 18:00:50', 'Northern Sami', 'Technology tough environmental either. Machine speech off. Energy kid nation however maybe quality child.', 4),
	(46, 'Calorie and Acid Brownies Cream of Pumpkin Soup', 'https://dummyimage.com/140x648', '01:14:43', '03:53:37', '2021-04-03 18:00:50', 'Interlingue', 'Fast specific ten player response must. Above administration artist create focus both would.', 6),
	(47, 'Acid and Acidic Red Peas Soup and Rice and Peas', 'https://placeimg.com/841/52/any', '00:05:10', '02:37:41', '2021-04-03 18:00:50', 'Luxembourgish', 'Shoulder heart finish contain. Fire agency rule.', 16),
	(48, 'Bland and Aromatic Rice and Peas and Shepards Pie', 'https://www.lorempixel.com/463/10', '01:09:14', '01:54:37', '2021-04-03 18:00:50', 'Hiri Motu', 'Product light investment feeling near memory could. Give manage chance best crime picture group.', 24),
	(49, 'Blunt Creamed Bread Pecan Pie', 'https://dummyimage.com/646x734', '01:33:40', '03:21:44', '2021-04-03 18:00:50', 'Nepali', 'Early item structure from.', 9),
	(50, 'Bitter Briny Muffin and Chicken Soup', 'https://dummyimage.com/762x917', '03:37:58', '03:05:28', '2021-04-03 18:00:50', 'Uzbek', 'Someone design head contain serious face. Begin try or democratic able across allow. Scientist bed require seven develop provide ready behavior.', 29);

INSERT INTO ingredient VALUES
    (1, 'meat cuts', 146),
	(2, 'file powder', 2121),
	(3, 'smoked sausage', 1154),
	(4, 'okra', 25),
	(5, 'shrimp', 2045),
	(6, 'andouille sausage', 2117),
	(7, 'water', 85),
	(8, 'paprika', 1914),
	(9, 'hot sauce', 1458),
	(10, 'garlic cloves', 2219),
	(11, 'browning', 1165),
	(12, 'lump crab meat', 609),
	(13, 'vegetable oil', 2057),
	(14, 'all-purpose flour', 548),
	(15, 'freshly ground pepper', 517),
	(16, 'flat leaf parsley', 702),
	(17, 'boneless chicken skinless thigh', 1528),
	(18, 'dried thyme', 878),
	(19, 'white rice', 2482),
	(20, 'yellow onion', 369),
	(21, 'ham', 1704),
	(22, 'baking powder', 2443),
	(23, 'eggs', 862),
	(24, 'raisins', 996),
	(25, 'milk', 2200),
	(26, 'white sugar', 1);

INSERT INTO allergy VALUES
    (1, 'Nut Allergy'),
	(2, 'Oral Allergy Syndrome'),
	(3, 'Stone Fruit Allergy'),
	(4, 'Insulin Allergy'),
	(5, 'Allium Allergy'),
	(6, 'Histamine Allergy'),
	(7, 'Gluten Allergy'),
	(8, 'Legume Allergy'),
	(9, 'Salicylate Allergy'),
	(10, 'Cruciferous Allergy'),
	(11, 'Lactose intolerance'),
	(12, 'Shellfish Allergy'),
	(13, 'Sugar Allergy / Intolerance'),
	(14, 'Procrastination Allergy'),
	(15, 'Soy allergy'),
	(16, 'Caffine Sensitivity'),
	(17, 'FODMAPs Sensitivity'),
	(18, 'Sulfite Sensitivity'),
	(19, 'Fructose Sensitivity'),
	(20, 'Aspartame Sensitivity'),
	(21, 'Egg Sensitivity'),
	(22, 'MSG Sensitivity'),
	(23, 'Yeast Allergy');

INSERT INTO ingredient_allergy VALUES
    (18, 1),
	(16, 2),
	(6, 3),
	(4, 4),
	(9, 5),
	(23, 6),
	(11, 7),
	(3, 8),
	(6, 9),
	(11, 10),
	(21, 11),
	(21, 12),
	(5, 13),
	(16, 14),
	(21, 15),
	(1, 16),
	(14, 17),
	(5, 18),
	(15, 19),
	(7, 20),
	(18, 21),
	(16, 22),
	(14, 23),
	(18, 24),
	(8, 25);

INSERT INTO instruction VALUES
    (1, 1, 'Training someone throw finish leader can. House subject fly wall really. Anyone draw miss entire weight new short scientist.', 38),
	(2, 2, 'Training someone throw finish leader can. House subject fly wall really. Anyone draw miss entire weight new short scientist.', 38),
	(3, 3, 'Training someone throw finish leader can. House subject fly wall really. Anyone draw miss entire weight new short scientist.', 38),
	(4, 1, 'Though figure among their message. Southern statement what check only model.', 5),
	(5, 2, 'Though figure among their message. Southern statement what check only model.', 5),
	(6, 3, 'Though figure among their message. Southern statement what check only model.', 5),
	(7, 4, 'Though figure among their message. Southern statement what check only model.', 5),
	(8, 5, 'Though figure among their message. Southern statement what check only model.', 5),
	(9, 1, 'Major between early summer. Senior college lose attack red.', 4),
	(10, 2, 'Major between early summer. Senior college lose attack red.', 4),
	(11, 1, 'Form explain sure pressure able drug economic. Technology letter work position indicate he record per. Hit into view today.', 50),
	(12, 2, 'Form explain sure pressure able drug economic. Technology letter work position indicate he record per. Hit into view today.', 50),
	(13, 3, 'Form explain sure pressure able drug economic. Technology letter work position indicate he record per. Hit into view today.', 50),
	(14, 4, 'Form explain sure pressure able drug economic. Technology letter work position indicate he record per. Hit into view today.', 50),
	(15, 5, 'Form explain sure pressure able drug economic. Technology letter work position indicate he record per. Hit into view today.', 50),
	(16, 1, 'Size attorney also student sense subject.', 37),
	(17, 2, 'Size attorney also student sense subject.', 37),
	(18, 3, 'Size attorney also student sense subject.', 37),
	(19, 4, 'Size attorney also student sense subject.', 37),
	(20, 5, 'Size attorney also student sense subject.', 37),
	(21, 1, 'Above vote state crime.', 33),
	(22, 2, 'Above vote state crime.', 33),
	(23, 3, 'Above vote state crime.', 33),
	(24, 4, 'Above vote state crime.', 33),
	(25, 5, 'Above vote state crime.', 33),
	(26, 1, 'Design season glass majority send region cost. Why billion action big matter vote whom. Majority information throughout against election direction soldier hope.', 42),
	(27, 2, 'Design season glass majority send region cost. Why billion action big matter vote whom. Majority information throughout against election direction soldier hope.', 42),
	(28, 1, 'Upon level fund star operation take assume. Forward task direction order. Maintain through employee yourself begin water tax.', 18),
	(29, 2, 'Upon level fund star operation take assume. Forward task direction order. Maintain through employee yourself begin water tax.', 18),
	(30, 3, 'Upon level fund star operation take assume. Forward task direction order. Maintain through employee yourself begin water tax.', 18),
	(31, 4, 'Upon level fund star operation take assume. Forward task direction order. Maintain through employee yourself begin water tax.', 18),
	(32, 5, 'Upon level fund star operation take assume. Forward task direction order. Maintain through employee yourself begin water tax.', 18),
	(33, 1, 'Guy produce apply at clearly join trouble. For day film call go move than character. By may difference most.', 30),
	(34, 2, 'Guy produce apply at clearly join trouble. For day film call go move than character. By may difference most.', 30),
	(35, 3, 'Guy produce apply at clearly join trouble. For day film call go move than character. By may difference most.', 30),
	(36, 4, 'Guy produce apply at clearly join trouble. For day film call go move than character. By may difference most.', 30),
	(37, 1, 'Mother class thus point. Act just never too.', 23),
	(38, 2, 'Mother class thus point. Act just never too.', 23),
	(39, 1, 'Describe seat include smile pretty start your. Have policy seem lead blood. Sit green range break brother.', 27),
	(40, 2, 'Describe seat include smile pretty start your. Have policy seem lead blood. Sit green range break brother.', 27),
	(41, 1, 'Force serve from argue. Owner order city fact assume. Song wish join visit.', 16),
	(42, 2, 'Force serve from argue. Owner order city fact assume. Song wish join visit.', 16),
	(43, 3, 'Force serve from argue. Owner order city fact assume. Song wish join visit.', 16),
	(44, 4, 'Force serve from argue. Owner order city fact assume. Song wish join visit.', 16),
	(45, 5, 'Force serve from argue. Owner order city fact assume. Song wish join visit.', 16),
	(46, 6, 'Force serve from argue. Owner order city fact assume. Song wish join visit.', 16),
	(47, 1, 'Specific star blue blood low population game. Call owner significant.', 27),
	(48, 2, 'Specific star blue blood low population game. Call owner significant.', 27),
	(49, 3, 'Specific star blue blood low population game. Call owner significant.', 27),
	(50, 4, 'Specific star blue blood low population game. Call owner significant.', 27),
	(51, 1, 'Activity attorney season dinner past identify owner. Thank bed onto owner.', 43),
	(52, 2, 'Activity attorney season dinner past identify owner. Thank bed onto owner.', 43),
	(53, 3, 'Activity attorney season dinner past identify owner. Thank bed onto owner.', 43),
	(54, 1, 'Total information whether remain discussion try check. Finish year represent all now doctor join. When reality imagine others inside.', 2),
	(55, 2, 'Total information whether remain discussion try check. Finish year represent all now doctor join. When reality imagine others inside.', 2),
	(56, 3, 'Total information whether remain discussion try check. Finish year represent all now doctor join. When reality imagine others inside.', 2),
	(57, 4, 'Total information whether remain discussion try check. Finish year represent all now doctor join. When reality imagine others inside.', 2),
	(58, 1, 'Culture court buy born somebody medical. Develop owner audience exactly way stop.', 8),
	(59, 2, 'Culture court buy born somebody medical. Develop owner audience exactly way stop.', 8),
	(60, 3, 'Culture court buy born somebody medical. Develop owner audience exactly way stop.', 8),
	(61, 4, 'Culture court buy born somebody medical. Develop owner audience exactly way stop.', 8),
	(62, 1, 'Structure with affect during budget player spend example. Business participant rest fact today create party.', 9),
	(63, 2, 'Structure with affect during budget player spend example. Business participant rest fact today create party.', 9),
	(64, 1, 'Painting table away clear majority Congress reflect. Major right price arm collection nothing. Foot most side model may might game.', 33),
	(65, 2, 'Painting table away clear majority Congress reflect. Major right price arm collection nothing. Foot most side model may might game.', 33),
	(66, 3, 'Painting table away clear majority Congress reflect. Major right price arm collection nothing. Foot most side model may might game.', 33),
	(67, 4, 'Painting table away clear majority Congress reflect. Major right price arm collection nothing. Foot most side model may might game.', 33),
	(68, 5, 'Painting table away clear majority Congress reflect. Major right price arm collection nothing. Foot most side model may might game.', 33),
	(69, 6, 'Painting table away clear majority Congress reflect. Major right price arm collection nothing. Foot most side model may might game.', 33),
	(70, 1, 'Few help born apply doctor always future. Wait senior culture difficult financial sign.', 49),
	(71, 2, 'Few help born apply doctor always future. Wait senior culture difficult financial sign.', 49),
	(72, 3, 'Few help born apply doctor always future. Wait senior culture difficult financial sign.', 49),
	(73, 4, 'Few help born apply doctor always future. Wait senior culture difficult financial sign.', 49),
	(74, 1, 'Into someone scientist bad hold large. Tell effort professor charge position.', 30),
	(75, 2, 'Into someone scientist bad hold large. Tell effort professor charge position.', 30),
	(76, 3, 'Into someone scientist bad hold large. Tell effort professor charge position.', 30),
	(77, 4, 'Into someone scientist bad hold large. Tell effort professor charge position.', 30),
	(78, 5, 'Into someone scientist bad hold large. Tell effort professor charge position.', 30),
	(79, 6, 'Into someone scientist bad hold large. Tell effort professor charge position.', 30),
	(80, 1, 'Natural but modern interest himself. They fight focus. Energy whose learn. Have beyond skill view TV.', 20),
	(81, 2, 'Natural but modern interest himself. They fight focus. Energy whose learn. Have beyond skill view TV.', 20),
	(82, 1, 'Blood various other sign fund relate four. Fund in move game check community white. Senior likely author animal gun.', 33),
	(83, 2, 'Blood various other sign fund relate four. Fund in move game check community white. Senior likely author animal gun.', 33),
	(84, 1, 'Upon sign economy prove campaign yourself simple. Manager note attack like.', 45),
	(85, 2, 'Upon sign economy prove campaign yourself simple. Manager note attack like.', 45),
	(86, 3, 'Upon sign economy prove campaign yourself simple. Manager note attack like.', 45),
	(87, 4, 'Upon sign economy prove campaign yourself simple. Manager note attack like.', 45),
	(88, 5, 'Upon sign economy prove campaign yourself simple. Manager note attack like.', 45),
	(89, 1, 'Alone TV risk level its movement. Hope fear final social close many offer reveal.', 5),
	(90, 2, 'Alone TV risk level its movement. Hope fear final social close many offer reveal.', 5),
	(91, 3, 'Alone TV risk level its movement. Hope fear final social close many offer reveal.', 5),
	(92, 4, 'Alone TV risk level its movement. Hope fear final social close many offer reveal.', 5),
	(93, 5, 'Alone TV risk level its movement. Hope fear final social close many offer reveal.', 5),
	(94, 1, 'Begin strategy more look. Benefit gas take officer enough style even. Thus dream peace production suddenly figure over us. Effort design election child city doctor.', 48),
	(95, 2, 'Begin strategy more look. Benefit gas take officer enough style even. Thus dream peace production suddenly figure over us. Effort design election child city doctor.', 48),
	(96, 3, 'Begin strategy more look. Benefit gas take officer enough style even. Thus dream peace production suddenly figure over us. Effort design election child city doctor.', 48),
	(97, 1, 'Last into class kitchen medical author table. Radio black less others medical candidate.', 33),
	(98, 2, 'Last into class kitchen medical author table. Radio black less others medical candidate.', 33),
	(99, 3, 'Last into class kitchen medical author table. Radio black less others medical candidate.', 33),
	(100, 4, 'Last into class kitchen medical author table. Radio black less others medical candidate.', 33),
	(101, 1, 'Yourself enter while someone town hundred drive. Manager source happy collection prepare.', 8),
	(102, 2, 'Yourself enter while someone town hundred drive. Manager source happy collection prepare.', 8),
	(103, 3, 'Yourself enter while someone town hundred drive. Manager source happy collection prepare.', 8),
	(104, 4, 'Yourself enter while someone town hundred drive. Manager source happy collection prepare.', 8),
	(105, 5, 'Yourself enter while someone town hundred drive. Manager source happy collection prepare.', 8),
	(106, 6, 'Yourself enter while someone town hundred drive. Manager source happy collection prepare.', 8),
	(107, 1, 'Time letter fact prevent small but plant. From perhaps lawyer themselves garden up. Food ready water popular central show of up.', 8),
	(108, 2, 'Time letter fact prevent small but plant. From perhaps lawyer themselves garden up. Food ready water popular central show of up.', 8),
	(109, 3, 'Time letter fact prevent small but plant. From perhaps lawyer themselves garden up. Food ready water popular central show of up.', 8),
	(110, 4, 'Time letter fact prevent small but plant. From perhaps lawyer themselves garden up. Food ready water popular central show of up.', 8),
	(111, 5, 'Time letter fact prevent small but plant. From perhaps lawyer themselves garden up. Food ready water popular central show of up.', 8),
	(112, 6, 'Time letter fact prevent small but plant. From perhaps lawyer themselves garden up. Food ready water popular central show of up.', 8),
	(113, 1, 'Out whatever laugh each land institution. Fast guess work son attack. Move tell visit this if benefit everybody.', 15),
	(114, 2, 'Out whatever laugh each land institution. Fast guess work son attack. Move tell visit this if benefit everybody.', 15),
	(115, 3, 'Out whatever laugh each land institution. Fast guess work son attack. Move tell visit this if benefit everybody.', 15),
	(116, 4, 'Out whatever laugh each land institution. Fast guess work son attack. Move tell visit this if benefit everybody.', 15),
	(117, 1, 'Movie within trial international. Life my party describe according prepare knowledge. Word expert low small father treat expect.', 38),
	(118, 2, 'Movie within trial international. Life my party describe according prepare knowledge. Word expert low small father treat expect.', 38),
	(119, 3, 'Movie within trial international. Life my party describe according prepare knowledge. Word expert low small father treat expect.', 38),
	(120, 4, 'Movie within trial international. Life my party describe according prepare knowledge. Word expert low small father treat expect.', 38),
	(121, 1, 'Same benefit firm officer course catch wide. Build bad his.', 25),
	(122, 2, 'Same benefit firm officer course catch wide. Build bad his.', 25),
	(123, 1, 'Cut poor land baby. Especially specific everybody tough back. Hair worker benefit.', 41),
	(124, 2, 'Cut poor land baby. Especially specific everybody tough back. Hair worker benefit.', 41),
	(125, 1, 'Quickly here when daughter. Environment successful full wife attorney serious again. Trip police them.', 14),
	(126, 2, 'Quickly here when daughter. Environment successful full wife attorney serious again. Trip police them.', 14),
	(127, 3, 'Quickly here when daughter. Environment successful full wife attorney serious again. Trip police them.', 14),
	(128, 1, 'Low action society later notice difference. Agreement house professor hotel town. Ready interest draw various.', 31),
	(129, 2, 'Low action society later notice difference. Agreement house professor hotel town. Ready interest draw various.', 31),
	(130, 1, 'Fact although follow break front door board everybody. Break oil spring because health paper. Drug loss table few need structure direction.', 13),
	(131, 2, 'Fact although follow break front door board everybody. Break oil spring because health paper. Drug loss table few need structure direction.', 13),
	(132, 3, 'Fact although follow break front door board everybody. Break oil spring because health paper. Drug loss table few need structure direction.', 13),
	(133, 1, 'Put cost medical large. What art still drug cover young realize. Student thousand my bill focus will general. During program second news health.', 13),
	(134, 2, 'Put cost medical large. What art still drug cover young realize. Student thousand my bill focus will general. During program second news health.', 13),
	(135, 3, 'Put cost medical large. What art still drug cover young realize. Student thousand my bill focus will general. During program second news health.', 13),
	(136, 4, 'Put cost medical large. What art still drug cover young realize. Student thousand my bill focus will general. During program second news health.', 13),
	(137, 1, 'Where fight me available girl stay memory. Last head understand appear recently. Success compare watch better show pattern nature.', 36),
	(138, 2, 'Where fight me available girl stay memory. Last head understand appear recently. Success compare watch better show pattern nature.', 36),
	(139, 3, 'Where fight me available girl stay memory. Last head understand appear recently. Success compare watch better show pattern nature.', 36),
	(140, 1, 'Instead glass amount authority watch point goal message. Unit pay benefit relationship. Answer dog education and despite.', 31),
	(141, 2, 'Instead glass amount authority watch point goal message. Unit pay benefit relationship. Answer dog education and despite.', 31),
	(142, 3, 'Instead glass amount authority watch point goal message. Unit pay benefit relationship. Answer dog education and despite.', 31),
	(143, 1, 'Off really responsibility government this rather class modern. Age see time road. Store statement possible scene. Value guy cell there create.', 42),
	(144, 2, 'Off really responsibility government this rather class modern. Age see time road. Store statement possible scene. Value guy cell there create.', 42),
	(145, 3, 'Off really responsibility government this rather class modern. Age see time road. Store statement possible scene. Value guy cell there create.', 42),
	(146, 1, 'Today itself truth sit phone sell. Hit fear health employee history with. Particular mention next almost day part even way.', 8),
	(147, 2, 'Today itself truth sit phone sell. Hit fear health employee history with. Particular mention next almost day part even way.', 8),
	(148, 1, 'Car boy rather question financial music. Or economic high me relationship room only.', 17),
	(149, 2, 'Car boy rather question financial music. Or economic high me relationship room only.', 17),
	(150, 3, 'Car boy rather question financial music. Or economic high me relationship room only.', 17),
	(151, 1, 'Put back hear involve difficult throughout. So front modern heavy soon. East data same kid soldier police.', 49),
	(152, 2, 'Put back hear involve difficult throughout. So front modern heavy soon. East data same kid soldier police.', 49),
	(153, 3, 'Put back hear involve difficult throughout. So front modern heavy soon. East data same kid soldier police.', 49),
	(154, 4, 'Put back hear involve difficult throughout. So front modern heavy soon. East data same kid soldier police.', 49),
	(155, 5, 'Put back hear involve difficult throughout. So front modern heavy soon. East data same kid soldier police.', 49),
	(156, 1, 'To fear line space movement camera society strong. Pull whether remember business. Interview already rich per heavy.', 21),
	(157, 2, 'To fear line space movement camera society strong. Pull whether remember business. Interview already rich per heavy.', 21),
	(158, 1, 'Necessary all evidence enough.', 36),
	(159, 2, 'Necessary all evidence enough.', 36),
	(160, 3, 'Necessary all evidence enough.', 36),
	(161, 4, 'Necessary all evidence enough.', 36),
	(162, 5, 'Necessary all evidence enough.', 36),
	(163, 1, 'Student animal take try three politics wonder. Administration treat state something discussion. Run make item example level think character.', 47),
	(164, 2, 'Student animal take try three politics wonder. Administration treat state something discussion. Run make item example level think character.', 47),
	(165, 3, 'Student animal take try three politics wonder. Administration treat state something discussion. Run make item example level think character.', 47),
	(166, 4, 'Student animal take try three politics wonder. Administration treat state something discussion. Run make item example level think character.', 47),
	(167, 5, 'Student animal take try three politics wonder. Administration treat state something discussion. Run make item example level think character.', 47),
	(168, 6, 'Student animal take try three politics wonder. Administration treat state something discussion. Run make item example level think character.', 47),
	(169, 1, 'Window sense effort perform hotel order yard. Listen now himself cultural style against. Travel affect senior store. Understand collection staff interview and quite director.', 20),
	(170, 2, 'Window sense effort perform hotel order yard. Listen now himself cultural style against. Travel affect senior store. Understand collection staff interview and quite director.', 20),
	(171, 3, 'Window sense effort perform hotel order yard. Listen now himself cultural style against. Travel affect senior store. Understand collection staff interview and quite director.', 20),
	(172, 1, 'Design shoulder class baby series interview. Happy change many five while standard training. Thank hotel industry.', 4),
	(173, 2, 'Design shoulder class baby series interview. Happy change many five while standard training. Thank hotel industry.', 4),
	(174, 3, 'Design shoulder class baby series interview. Happy change many five while standard training. Thank hotel industry.', 4),
	(175, 4, 'Design shoulder class baby series interview. Happy change many five while standard training. Thank hotel industry.', 4),
	(176, 1, 'Water sit whatever language put.', 50),
	(177, 2, 'Water sit whatever language put.', 50),
	(178, 3, 'Water sit whatever language put.', 50),
	(179, 1, 'Memory attack popular north camera different. Cold real leg style child treatment.', 41),
	(180, 2, 'Memory attack popular north camera different. Cold real leg style child treatment.', 41),
	(181, 1, 'You raise become crime her. Age send training agreement.', 27),
	(182, 2, 'You raise become crime her. Age send training agreement.', 27),
	(183, 3, 'You raise become crime her. Age send training agreement.', 27);

INSERT INTO in_stock VALUES
    (1, 1, 40),
	(1, 2, 9),
	(1, 3, 16),
	(1, 4, 4),
	(1, 5, 16),
	(1, 6, 10),
	(1, 7, 28),
	(1, 8, 23),
	(1, 9, 30),
	(1, 10, 39),
	(1, 11, 9),
	(1, 12, 22),
	(1, 13, 6),
	(1, 14, 10),
	(1, 15, 30),
	(1, 16, 43),
	(1, 17, 15),
	(1, 18, 21),
	(1, 19, 49),
	(1, 20, 38),
	(1, 21, 45),
	(1, 22, 15),
	(1, 23, 24),
	(1, 24, 33),
	(1, 25, 4),
	(2, 1, 8),
	(2, 2, 7),
	(2, 3, 20),
	(2, 4, 28),
	(2, 5, 1),
	(2, 6, 3),
	(2, 7, 26),
	(2, 8, 36),
	(2, 9, 27),
	(2, 10, 6),
	(2, 11, 10),
	(2, 12, 9),
	(2, 13, 2),
	(2, 14, 1),
	(2, 15, 34),
	(2, 16, 18),
	(2, 17, 18),
	(2, 18, 36),
	(2, 19, 45),
	(2, 20, 34),
	(2, 21, 33),
	(2, 22, 47),
	(2, 23, 40),
	(2, 24, 47),
	(2, 25, 31),
	(3, 1, 18),
	(3, 2, 1),
	(3, 3, 1),
	(3, 4, 50),
	(3, 5, 45),
	(3, 6, 49),
	(3, 7, 38),
	(3, 8, 34),
	(3, 9, 13),
	(3, 10, 38),
	(3, 11, 1),
	(3, 12, 31),
	(3, 13, 38),
	(3, 14, 14),
	(3, 15, 39),
	(3, 16, 46),
	(3, 17, 50),
	(3, 18, 50),
	(3, 19, 31),
	(3, 20, 14),
	(3, 21, 49),
	(3, 22, 35),
	(3, 23, 7),
	(3, 24, 22),
	(3, 25, 13),
	(4, 1, 2),
	(4, 2, 32),
	(4, 3, 13),
	(4, 4, 0),
	(4, 5, 22),
	(4, 6, 41),
	(4, 7, 3),
	(4, 8, 41),
	(4, 9, 26),
	(4, 10, 45),
	(4, 11, 9),
	(4, 12, 8),
	(4, 13, 13),
	(4, 14, 14),
	(4, 15, 44),
	(4, 16, 15),
	(4, 17, 50),
	(4, 18, 48),
	(4, 19, 10),
	(4, 20, 49),
	(4, 21, 42),
	(4, 22, 18),
	(4, 23, 2),
	(4, 24, 1),
	(4, 25, 5),
	(5, 1, 46),
	(5, 2, 46),
	(5, 3, 2),
	(5, 4, 33),
	(5, 5, 1),
	(5, 6, 11),
	(5, 7, 1),
	(5, 8, 37),
	(5, 9, 44),
	(5, 10, 11),
	(5, 11, 29),
	(5, 12, 29),
	(5, 13, 1),
	(5, 14, 35),
	(5, 15, 7),
	(5, 16, 36),
	(5, 17, 5),
	(5, 18, 0),
	(5, 19, 10),
	(5, 20, 1),
	(5, 21, 24),
	(5, 22, 22),
	(5, 23, 14),
	(5, 24, 48),
	(5, 25, 28),
	(6, 1, 20),
	(6, 2, 27),
	(6, 3, 37),
	(6, 4, 11),
	(6, 5, 37),
	(6, 6, 19),
	(6, 7, 28),
	(6, 8, 2),
	(6, 9, 8),
	(6, 10, 45),
	(6, 11, 23),
	(6, 12, 15),
	(6, 13, 48),
	(6, 14, 39),
	(6, 15, 7),
	(6, 16, 40),
	(6, 17, 47),
	(6, 18, 9),
	(6, 19, 39),
	(6, 20, 0),
	(6, 21, 12),
	(6, 22, 11),
	(6, 23, 5),
	(6, 24, 36),
	(6, 25, 14),
	(7, 1, 7),
	(7, 2, 8),
	(7, 3, 33),
	(7, 4, 22),
	(7, 5, 18),
	(7, 6, 5),
	(7, 7, 8),
	(7, 8, 41),
	(7, 9, 18),
	(7, 10, 26),
	(7, 11, 8),
	(7, 12, 37),
	(7, 13, 21),
	(7, 14, 3),
	(7, 15, 32),
	(7, 16, 7),
	(7, 17, 27),
	(7, 18, 29),
	(7, 19, 50),
	(7, 20, 27),
	(7, 21, 45),
	(7, 22, 31),
	(7, 23, 20),
	(7, 24, 29),
	(7, 25, 0),
	(8, 1, 50),
	(8, 2, 48),
	(8, 3, 24),
	(8, 4, 37),
	(8, 5, 33),
	(8, 6, 8),
	(8, 7, 50),
	(8, 8, 47),
	(8, 9, 20),
	(8, 10, 36),
	(8, 11, 13),
	(8, 12, 17),
	(8, 13, 29),
	(8, 14, 30),
	(8, 15, 36),
	(8, 16, 39),
	(8, 17, 43),
	(8, 18, 43),
	(8, 19, 44),
	(8, 20, 6),
	(8, 21, 17),
	(8, 22, 31),
	(8, 23, 38),
	(8, 24, 43),
	(8, 25, 35),
	(9, 1, 45),
	(9, 2, 30),
	(9, 3, 24),
	(9, 4, 46),
	(9, 5, 13),
	(9, 6, 13),
	(9, 7, 35),
	(9, 8, 41),
	(9, 9, 26),
	(9, 10, 9),
	(9, 11, 0),
	(9, 12, 33),
	(9, 13, 3),
	(9, 14, 38),
	(9, 15, 45),
	(9, 16, 24),
	(9, 17, 23),
	(9, 18, 47),
	(9, 19, 31),
	(9, 20, 13),
	(9, 21, 20),
	(9, 22, 9),
	(9, 23, 30),
	(9, 24, 15),
	(9, 25, 8),
	(10, 1, 7),
	(10, 2, 5),
	(10, 3, 6),
	(10, 4, 17),
	(10, 5, 31),
	(10, 6, 34),
	(10, 7, 11),
	(10, 8, 18),
	(10, 9, 12),
	(10, 10, 28),
	(10, 11, 36),
	(10, 12, 15),
	(10, 13, 0),
	(10, 14, 39),
	(10, 15, 21),
	(10, 16, 12),
	(10, 17, 11),
	(10, 18, 49),
	(10, 19, 44),
	(10, 20, 46),
	(10, 21, 29),
	(10, 22, 25),
	(10, 23, 34),
	(10, 24, 19),
	(10, 25, 33),
	(11, 1, 22),
	(11, 2, 50),
	(11, 3, 19),
	(11, 4, 45),
	(11, 5, 37),
	(11, 6, 21),
	(11, 7, 16),
	(11, 8, 37),
	(11, 9, 24),
	(11, 10, 12),
	(11, 11, 36),
	(11, 12, 3),
	(11, 13, 7),
	(11, 14, 31),
	(11, 15, 32),
	(11, 16, 7),
	(11, 17, 22),
	(11, 18, 41),
	(11, 19, 2),
	(11, 20, 16),
	(11, 21, 35),
	(11, 22, 3),
	(11, 23, 9),
	(11, 24, 11),
	(11, 25, 24),
	(12, 1, 10),
	(12, 2, 38),
	(12, 3, 44),
	(12, 4, 8),
	(12, 5, 44),
	(12, 6, 9),
	(12, 7, 8),
	(12, 8, 42),
	(12, 9, 21),
	(12, 10, 42),
	(12, 11, 18),
	(12, 12, 36),
	(12, 13, 3),
	(12, 14, 47),
	(12, 15, 20),
	(12, 16, 32),
	(12, 17, 11),
	(12, 18, 37),
	(12, 19, 3),
	(12, 20, 2),
	(12, 21, 5),
	(12, 22, 28),
	(12, 23, 4),
	(12, 24, 4),
	(12, 25, 37),
	(13, 1, 18),
	(13, 2, 5),
	(13, 3, 38),
	(13, 4, 46),
	(13, 5, 0),
	(13, 6, 4),
	(13, 7, 40),
	(13, 8, 43),
	(13, 9, 22),
	(13, 10, 3),
	(13, 11, 41),
	(13, 12, 33),
	(13, 13, 43),
	(13, 14, 7),
	(13, 15, 14),
	(13, 16, 31),
	(13, 17, 35),
	(13, 18, 39),
	(13, 19, 23),
	(13, 20, 28),
	(13, 21, 20),
	(13, 22, 4),
	(13, 23, 32),
	(13, 24, 29),
	(13, 25, 14),
	(14, 1, 11),
	(14, 2, 41),
	(14, 3, 25),
	(14, 4, 31),
	(14, 5, 34),
	(14, 6, 9),
	(14, 7, 25),
	(14, 8, 4),
	(14, 9, 1),
	(14, 10, 39),
	(14, 11, 11),
	(14, 12, 3),
	(14, 13, 23),
	(14, 14, 11),
	(14, 15, 16),
	(14, 16, 11),
	(14, 17, 30),
	(14, 18, 23),
	(14, 19, 8),
	(14, 20, 5),
	(14, 21, 39),
	(14, 22, 0),
	(14, 23, 43),
	(14, 24, 20),
	(14, 25, 37),
	(15, 1, 28),
	(15, 2, 42),
	(15, 3, 49),
	(15, 4, 37),
	(15, 5, 2),
	(15, 6, 5),
	(15, 7, 41),
	(15, 8, 27),
	(15, 9, 42),
	(15, 10, 11),
	(15, 11, 38),
	(15, 12, 24),
	(15, 13, 35),
	(15, 14, 18),
	(15, 15, 38),
	(15, 16, 25),
	(15, 17, 19),
	(15, 18, 46),
	(15, 19, 23),
	(15, 20, 49),
	(15, 21, 18),
	(15, 22, 40),
	(15, 23, 45),
	(15, 24, 27),
	(15, 25, 40),
	(16, 1, 15),
	(16, 2, 2),
	(16, 3, 30),
	(16, 4, 12),
	(16, 5, 50),
	(16, 6, 40),
	(16, 7, 0),
	(16, 8, 9),
	(16, 9, 38),
	(16, 10, 35),
	(16, 11, 29),
	(16, 12, 29),
	(16, 13, 4),
	(16, 14, 14),
	(16, 15, 23),
	(16, 16, 13),
	(16, 17, 14),
	(16, 18, 30),
	(16, 19, 1),
	(16, 20, 8),
	(16, 21, 6),
	(16, 22, 18),
	(16, 23, 47),
	(16, 24, 21),
	(16, 25, 40),
	(17, 1, 32),
	(17, 2, 36),
	(17, 3, 14),
	(17, 4, 37),
	(17, 5, 3),
	(17, 6, 16),
	(17, 7, 19),
	(17, 8, 2),
	(17, 9, 26),
	(17, 10, 7),
	(17, 11, 15),
	(17, 12, 22),
	(17, 13, 1),
	(17, 14, 29),
	(17, 15, 38),
	(17, 16, 10),
	(17, 17, 42),
	(17, 18, 42),
	(17, 19, 45),
	(17, 20, 18),
	(17, 21, 46),
	(17, 22, 49),
	(17, 23, 44),
	(17, 24, 34),
	(17, 25, 31),
	(18, 1, 16),
	(18, 2, 10),
	(18, 3, 49),
	(18, 4, 50),
	(18, 5, 20),
	(18, 6, 30),
	(18, 7, 27),
	(18, 8, 13),
	(18, 9, 32),
	(18, 10, 20),
	(18, 11, 20),
	(18, 12, 43),
	(18, 13, 31),
	(18, 14, 40),
	(18, 15, 47),
	(18, 16, 22),
	(18, 17, 47),
	(18, 18, 18),
	(18, 19, 36),
	(18, 20, 38),
	(18, 21, 41),
	(18, 22, 32),
	(18, 23, 22),
	(18, 24, 47),
	(18, 25, 40),
	(19, 1, 45),
	(19, 2, 20),
	(19, 3, 0),
	(19, 4, 13),
	(19, 5, 32),
	(19, 6, 9),
	(19, 7, 40),
	(19, 8, 2),
	(19, 9, 5),
	(19, 10, 25),
	(19, 11, 8),
	(19, 12, 16),
	(19, 13, 11),
	(19, 14, 22),
	(19, 15, 7),
	(19, 16, 23),
	(19, 17, 1),
	(19, 18, 10),
	(19, 19, 19),
	(19, 20, 14),
	(19, 21, 40),
	(19, 22, 14),
	(19, 23, 49),
	(19, 24, 48),
	(19, 25, 13),
	(20, 1, 3),
	(20, 2, 32),
	(20, 3, 23),
	(20, 4, 14),
	(20, 5, 23),
	(20, 6, 7),
	(20, 7, 50),
	(20, 8, 0),
	(20, 9, 2),
	(20, 10, 34),
	(20, 11, 21),
	(20, 12, 11),
	(20, 13, 41),
	(20, 14, 1),
	(20, 15, 1),
	(20, 16, 6),
	(20, 17, 50),
	(20, 18, 6),
	(20, 19, 46),
	(20, 20, 29),
	(20, 21, 22),
	(20, 22, 22),
	(20, 23, 36),
	(20, 24, 21),
	(20, 25, 12),
	(21, 1, 41),
	(21, 2, 14),
	(21, 3, 49),
	(21, 4, 43),
	(21, 5, 38),
	(21, 6, 24),
	(21, 7, 1),
	(21, 8, 1),
	(21, 9, 43),
	(21, 10, 10),
	(21, 11, 21),
	(21, 12, 49),
	(21, 13, 2),
	(21, 14, 17),
	(21, 15, 30),
	(21, 16, 44),
	(21, 17, 30),
	(21, 18, 31),
	(21, 19, 49),
	(21, 20, 2),
	(21, 21, 6),
	(21, 22, 33),
	(21, 23, 25),
	(21, 24, 38),
	(21, 25, 32),
	(22, 1, 8),
	(22, 2, 6),
	(22, 3, 42),
	(22, 4, 22),
	(22, 5, 43),
	(22, 6, 14),
	(22, 7, 30),
	(22, 8, 40),
	(22, 9, 43),
	(22, 10, 42),
	(22, 11, 48),
	(22, 12, 15),
	(22, 13, 50),
	(22, 14, 22),
	(22, 15, 30),
	(22, 16, 31),
	(22, 17, 26),
	(22, 18, 15),
	(22, 19, 26),
	(22, 20, 4),
	(22, 21, 29),
	(22, 22, 35),
	(22, 23, 1),
	(22, 24, 15),
	(22, 25, 22),
	(23, 1, 43),
	(23, 2, 5),
	(23, 3, 3),
	(23, 4, 10),
	(23, 5, 8),
	(23, 6, 33),
	(23, 7, 37),
	(23, 8, 14),
	(23, 9, 48),
	(23, 10, 16),
	(23, 11, 24),
	(23, 12, 32),
	(23, 13, 23),
	(23, 14, 12),
	(23, 15, 32),
	(23, 16, 41),
	(23, 17, 41),
	(23, 18, 10),
	(23, 19, 17),
	(23, 20, 3),
	(23, 21, 47),
	(23, 22, 37),
	(23, 23, 25),
	(23, 24, 13),
	(23, 25, 5),
	(24, 1, 18),
	(24, 2, 20),
	(24, 3, 30),
	(24, 4, 33),
	(24, 5, 49),
	(24, 6, 43),
	(24, 7, 31),
	(24, 8, 7),
	(24, 9, 11),
	(24, 10, 41),
	(24, 11, 23),
	(24, 12, 3),
	(24, 13, 50),
	(24, 14, 13),
	(24, 15, 40),
	(24, 16, 10),
	(24, 17, 1),
	(24, 18, 0),
	(24, 19, 15),
	(24, 20, 0),
	(24, 21, 41),
	(24, 22, 48),
	(24, 23, 45),
	(24, 24, 31),
	(24, 25, 9),
	(25, 1, 44),
	(25, 2, 35),
	(25, 3, 5),
	(25, 4, 2),
	(25, 5, 7),
	(25, 6, 19),
	(25, 7, 2),
	(25, 8, 48),
	(25, 9, 2),
	(25, 10, 0),
	(25, 11, 37),
	(25, 12, 40),
	(25, 13, 22),
	(25, 14, 38),
	(25, 15, 41),
	(25, 16, 37),
	(25, 17, 39),
	(25, 18, 17),
	(25, 19, 47),
	(25, 20, 45),
	(25, 21, 34),
	(25, 22, 28),
	(25, 23, 23),
	(25, 24, 15),
	(25, 25, 1),
	(26, 1, 18),
	(26, 2, 41),
	(26, 3, 49),
	(26, 4, 16),
	(26, 5, 15),
	(26, 6, 6),
	(26, 7, 31),
	(26, 8, 45),
	(26, 9, 49),
	(26, 10, 40),
	(26, 11, 16),
	(26, 12, 32),
	(26, 13, 26),
	(26, 14, 4),
	(26, 15, 27),
	(26, 16, 19),
	(26, 17, 40),
	(26, 18, 50),
	(26, 19, 38),
	(26, 20, 19),
	(26, 21, 35),
	(26, 22, 6),
	(26, 23, 36),
	(26, 24, 11),
	(26, 25, 37),
	(27, 1, 7),
	(27, 2, 1),
	(27, 3, 46),
	(27, 4, 17),
	(27, 5, 49),
	(27, 6, 39),
	(27, 7, 29),
	(27, 8, 48),
	(27, 9, 19),
	(27, 10, 45),
	(27, 11, 9),
	(27, 12, 3),
	(27, 13, 10),
	(27, 14, 44),
	(27, 15, 31),
	(27, 16, 16),
	(27, 17, 49),
	(27, 18, 4),
	(27, 19, 17),
	(27, 20, 3),
	(27, 21, 10),
	(27, 22, 29),
	(27, 23, 8),
	(27, 24, 41),
	(27, 25, 50),
	(28, 1, 42),
	(28, 2, 47),
	(28, 3, 48),
	(28, 4, 39),
	(28, 5, 5),
	(28, 6, 21),
	(28, 7, 8),
	(28, 8, 1),
	(28, 9, 12),
	(28, 10, 21),
	(28, 11, 34),
	(28, 12, 2),
	(28, 13, 31),
	(28, 14, 23),
	(28, 15, 32),
	(28, 16, 29),
	(28, 17, 18),
	(28, 18, 9),
	(28, 19, 48),
	(28, 20, 23),
	(28, 21, 46),
	(28, 22, 42),
	(28, 23, 19),
	(28, 24, 47),
	(28, 25, 18),
	(29, 1, 8),
	(29, 2, 2),
	(29, 3, 23),
	(29, 4, 4),
	(29, 5, 22),
	(29, 6, 25),
	(29, 7, 36),
	(29, 8, 28),
	(29, 9, 6),
	(29, 10, 11),
	(29, 11, 42),
	(29, 12, 33),
	(29, 13, 34),
	(29, 14, 1),
	(29, 15, 13),
	(29, 16, 13),
	(29, 17, 39),
	(29, 18, 43),
	(29, 19, 5),
	(29, 20, 27),
	(29, 21, 35),
	(29, 22, 45),
	(29, 23, 37),
	(29, 24, 28),
	(29, 25, 1),
	(30, 1, 35),
	(30, 2, 12),
	(30, 3, 23),
	(30, 4, 40),
	(30, 5, 30),
	(30, 6, 49),
	(30, 7, 10),
	(30, 8, 27),
	(30, 9, 20),
	(30, 10, 21),
	(30, 11, 22),
	(30, 12, 48),
	(30, 13, 9),
	(30, 14, 32),
	(30, 15, 15),
	(30, 16, 14),
	(30, 17, 49),
	(30, 18, 36),
	(30, 19, 36),
	(30, 20, 26),
	(30, 21, 12),
	(30, 22, 8),
	(30, 23, 22),
	(30, 24, 46),
	(30, 25, 38),
	(31, 1, 33),
	(31, 2, 31),
	(31, 3, 38),
	(31, 4, 2),
	(31, 5, 17),
	(31, 6, 20),
	(31, 7, 29),
	(31, 8, 10),
	(31, 9, 49),
	(31, 10, 7),
	(31, 11, 1),
	(31, 12, 10),
	(31, 13, 24),
	(31, 14, 36),
	(31, 15, 33),
	(31, 16, 24),
	(31, 17, 12),
	(31, 18, 19),
	(31, 19, 31),
	(31, 20, 37),
	(31, 21, 8),
	(31, 22, 20),
	(31, 23, 47),
	(31, 24, 33),
	(31, 25, 43),
	(32, 1, 1),
	(32, 2, 39),
	(32, 3, 18),
	(32, 4, 39),
	(32, 5, 1),
	(32, 6, 37),
	(32, 7, 46),
	(32, 8, 13),
	(32, 9, 12),
	(32, 10, 3),
	(32, 11, 1),
	(32, 12, 18),
	(32, 13, 10),
	(32, 14, 11),
	(32, 15, 38),
	(32, 16, 22),
	(32, 17, 46),
	(32, 18, 31),
	(32, 19, 36),
	(32, 20, 25),
	(32, 21, 48),
	(32, 22, 37),
	(32, 23, 47),
	(32, 24, 35),
	(32, 25, 5),
	(33, 1, 5),
	(33, 2, 7),
	(33, 3, 25),
	(33, 4, 19),
	(33, 5, 6),
	(33, 6, 7),
	(33, 7, 25),
	(33, 8, 11),
	(33, 9, 9),
	(33, 10, 45),
	(33, 11, 46),
	(33, 12, 9),
	(33, 13, 7),
	(33, 14, 26),
	(33, 15, 11),
	(33, 16, 7),
	(33, 17, 16),
	(33, 18, 9),
	(33, 19, 23),
	(33, 20, 4),
	(33, 21, 24),
	(33, 22, 39),
	(33, 23, 31),
	(33, 24, 6),
	(33, 25, 43),
	(34, 1, 1),
	(34, 2, 46),
	(34, 3, 16),
	(34, 4, 17),
	(34, 5, 19),
	(34, 6, 0),
	(34, 7, 10),
	(34, 8, 14),
	(34, 9, 10),
	(34, 10, 42),
	(34, 11, 9),
	(34, 12, 13),
	(34, 13, 49),
	(34, 14, 14),
	(34, 15, 19),
	(34, 16, 42),
	(34, 17, 47),
	(34, 18, 41),
	(34, 19, 45),
	(34, 20, 41),
	(34, 21, 36),
	(34, 22, 11),
	(34, 23, 4),
	(34, 24, 41),
	(34, 25, 11),
	(35, 1, 0),
	(35, 2, 34),
	(35, 3, 11),
	(35, 4, 36),
	(35, 5, 32),
	(35, 6, 2),
	(35, 7, 35),
	(35, 8, 38),
	(35, 9, 35),
	(35, 10, 49),
	(35, 11, 27),
	(35, 12, 35),
	(35, 13, 10),
	(35, 14, 24),
	(35, 15, 27),
	(35, 16, 5),
	(35, 17, 20),
	(35, 18, 48),
	(35, 19, 14),
	(35, 20, 44),
	(35, 21, 48),
	(35, 22, 36),
	(35, 23, 34),
	(35, 24, 17),
	(35, 25, 45),
	(36, 1, 30),
	(36, 2, 33),
	(36, 3, 32),
	(36, 4, 33),
	(36, 5, 35),
	(36, 6, 5),
	(36, 7, 2),
	(36, 8, 31),
	(36, 9, 20),
	(36, 10, 14),
	(36, 11, 32),
	(36, 12, 20),
	(36, 13, 14),
	(36, 14, 23),
	(36, 15, 13),
	(36, 16, 20),
	(36, 17, 37),
	(36, 18, 41),
	(36, 19, 11),
	(36, 20, 43),
	(36, 21, 3),
	(36, 22, 36),
	(36, 23, 36),
	(36, 24, 21),
	(36, 25, 45),
	(37, 1, 29),
	(37, 2, 23),
	(37, 3, 11),
	(37, 4, 17),
	(37, 5, 15),
	(37, 6, 36),
	(37, 7, 37),
	(37, 8, 29),
	(37, 9, 23),
	(37, 10, 21),
	(37, 11, 45),
	(37, 12, 45),
	(37, 13, 3),
	(37, 14, 45),
	(37, 15, 4),
	(37, 16, 8),
	(37, 17, 35),
	(37, 18, 19),
	(37, 19, 13),
	(37, 20, 41),
	(37, 21, 26),
	(37, 22, 22),
	(37, 23, 30),
	(37, 24, 12),
	(37, 25, 22),
	(38, 1, 36),
	(38, 2, 8),
	(38, 3, 43),
	(38, 4, 8),
	(38, 5, 49),
	(38, 6, 16),
	(38, 7, 21),
	(38, 8, 2),
	(38, 9, 46),
	(38, 10, 3),
	(38, 11, 49),
	(38, 12, 33),
	(38, 13, 11),
	(38, 14, 9),
	(38, 15, 50),
	(38, 16, 49),
	(38, 17, 46),
	(38, 18, 31),
	(38, 19, 40),
	(38, 20, 28),
	(38, 21, 4),
	(38, 22, 44),
	(38, 23, 25),
	(38, 24, 32),
	(38, 25, 43),
	(39, 1, 13),
	(39, 2, 18),
	(39, 3, 35),
	(39, 4, 27),
	(39, 5, 47),
	(39, 6, 15),
	(39, 7, 20),
	(39, 8, 48),
	(39, 9, 45),
	(39, 10, 40),
	(39, 11, 11),
	(39, 12, 1),
	(39, 13, 47),
	(39, 14, 46),
	(39, 15, 42),
	(39, 16, 14),
	(39, 17, 16),
	(39, 18, 4),
	(39, 19, 7),
	(39, 20, 15),
	(39, 21, 47),
	(39, 22, 24),
	(39, 23, 7),
	(39, 24, 10),
	(39, 25, 19),
	(40, 1, 9),
	(40, 2, 37),
	(40, 3, 15),
	(40, 4, 4),
	(40, 5, 32),
	(40, 6, 19),
	(40, 7, 30),
	(40, 8, 36),
	(40, 9, 25),
	(40, 10, 23),
	(40, 11, 37),
	(40, 12, 28),
	(40, 13, 21),
	(40, 14, 4),
	(40, 15, 34),
	(40, 16, 40),
	(40, 17, 35),
	(40, 18, 9),
	(40, 19, 13),
	(40, 20, 35),
	(40, 21, 31),
	(40, 22, 38),
	(40, 23, 11),
	(40, 24, 45),
	(40, 25, 28),
	(41, 1, 38),
	(41, 2, 13),
	(41, 3, 36),
	(41, 4, 5),
	(41, 5, 27),
	(41, 6, 28),
	(41, 7, 20),
	(41, 8, 5),
	(41, 9, 23),
	(41, 10, 40),
	(41, 11, 26),
	(41, 12, 26),
	(41, 13, 20),
	(41, 14, 12),
	(41, 15, 36),
	(41, 16, 41),
	(41, 17, 42),
	(41, 18, 30),
	(41, 19, 23),
	(41, 20, 17),
	(41, 21, 28),
	(41, 22, 26),
	(41, 23, 42),
	(41, 24, 31),
	(41, 25, 12),
	(42, 1, 45),
	(42, 2, 4),
	(42, 3, 36),
	(42, 4, 16),
	(42, 5, 4),
	(42, 6, 45),
	(42, 7, 28),
	(42, 8, 11),
	(42, 9, 10),
	(42, 10, 10),
	(42, 11, 39),
	(42, 12, 29),
	(42, 13, 35),
	(42, 14, 15),
	(42, 15, 47),
	(42, 16, 38),
	(42, 17, 6),
	(42, 18, 7),
	(42, 19, 15),
	(42, 20, 23),
	(42, 21, 36),
	(42, 22, 14),
	(42, 23, 43),
	(42, 24, 2),
	(42, 25, 11),
	(43, 1, 28),
	(43, 2, 50),
	(43, 3, 22),
	(43, 4, 37),
	(43, 5, 26),
	(43, 6, 22),
	(43, 7, 16),
	(43, 8, 5),
	(43, 9, 29),
	(43, 10, 22),
	(43, 11, 15),
	(43, 12, 17),
	(43, 13, 3),
	(43, 14, 26),
	(43, 15, 38),
	(43, 16, 17),
	(43, 17, 39),
	(43, 18, 7),
	(43, 19, 1),
	(43, 20, 49),
	(43, 21, 6),
	(43, 22, 17),
	(43, 23, 35),
	(43, 24, 41),
	(43, 25, 39),
	(44, 1, 48),
	(44, 2, 18),
	(44, 3, 4),
	(44, 4, 15),
	(44, 5, 12),
	(44, 6, 35),
	(44, 7, 17),
	(44, 8, 8),
	(44, 9, 3),
	(44, 10, 26),
	(44, 11, 20),
	(44, 12, 21),
	(44, 13, 1),
	(44, 14, 38),
	(44, 15, 41),
	(44, 16, 48),
	(44, 17, 26),
	(44, 18, 32),
	(44, 19, 1),
	(44, 20, 39),
	(44, 21, 0),
	(44, 22, 36),
	(44, 23, 36),
	(44, 24, 21),
	(44, 25, 11),
	(45, 1, 48),
	(45, 2, 0),
	(45, 3, 29),
	(45, 4, 5),
	(45, 5, 33),
	(45, 6, 27),
	(45, 7, 22),
	(45, 8, 42),
	(45, 9, 17),
	(45, 10, 36),
	(45, 11, 37),
	(45, 12, 8),
	(45, 13, 49),
	(45, 14, 14),
	(45, 15, 32),
	(45, 16, 4),
	(45, 17, 0),
	(45, 18, 22),
	(45, 19, 22),
	(45, 20, 46),
	(45, 21, 44),
	(45, 22, 5),
	(45, 23, 8),
	(45, 24, 39),
	(45, 25, 4),
	(46, 1, 23),
	(46, 2, 15),
	(46, 3, 36),
	(46, 4, 17),
	(46, 5, 31),
	(46, 6, 47),
	(46, 7, 44),
	(46, 8, 3),
	(46, 9, 29),
	(46, 10, 43),
	(46, 11, 27),
	(46, 12, 23),
	(46, 13, 31),
	(46, 14, 43),
	(46, 15, 35),
	(46, 16, 9),
	(46, 17, 9),
	(46, 18, 47),
	(46, 19, 46),
	(46, 20, 4),
	(46, 21, 5),
	(46, 22, 47),
	(46, 23, 19),
	(46, 24, 20),
	(46, 25, 13),
	(47, 1, 6),
	(47, 2, 7),
	(47, 3, 2),
	(47, 4, 18),
	(47, 5, 12),
	(47, 6, 42),
	(47, 7, 49),
	(47, 8, 16),
	(47, 9, 0),
	(47, 10, 12),
	(47, 11, 41),
	(47, 12, 3),
	(47, 13, 9),
	(47, 14, 13),
	(47, 15, 18),
	(47, 16, 6),
	(47, 17, 19),
	(47, 18, 18),
	(47, 19, 16),
	(47, 20, 33),
	(47, 21, 22),
	(47, 22, 2),
	(47, 23, 44),
	(47, 24, 7),
	(47, 25, 25),
	(48, 1, 6),
	(48, 2, 30),
	(48, 3, 11),
	(48, 4, 28),
	(48, 5, 10),
	(48, 6, 49),
	(48, 7, 10),
	(48, 8, 27),
	(48, 9, 13),
	(48, 10, 22),
	(48, 11, 21),
	(48, 12, 13),
	(48, 13, 12),
	(48, 14, 22),
	(48, 15, 31),
	(48, 16, 30),
	(48, 17, 5),
	(48, 18, 50),
	(48, 19, 4),
	(48, 20, 16),
	(48, 21, 11),
	(48, 22, 32),
	(48, 23, 18),
	(48, 24, 50),
	(48, 25, 1),
	(49, 1, 12),
	(49, 2, 2),
	(49, 3, 25),
	(49, 4, 22),
	(49, 5, 14),
	(49, 6, 23),
	(49, 7, 8),
	(49, 8, 1),
	(49, 9, 0),
	(49, 10, 22),
	(49, 11, 34),
	(49, 12, 6),
	(49, 13, 17),
	(49, 14, 35),
	(49, 15, 34),
	(49, 16, 18),
	(49, 17, 44),
	(49, 18, 7),
	(49, 19, 33),
	(49, 20, 34),
	(49, 21, 18),
	(49, 22, 12),
	(49, 23, 29),
	(49, 24, 1),
	(49, 25, 27),
	(50, 1, 37),
	(50, 2, 23),
	(50, 3, 17),
	(50, 4, 48),
	(50, 5, 31),
	(50, 6, 11),
	(50, 7, 34),
	(50, 8, 45),
	(50, 9, 36),
	(50, 10, 22),
	(50, 11, 50),
	(50, 12, 25),
	(50, 13, 21),
	(50, 14, 1),
	(50, 15, 21),
	(50, 16, 15),
	(50, 17, 30),
	(50, 18, 46),
	(50, 19, 13),
	(50, 20, 20),
	(50, 21, 36),
	(50, 22, 34),
	(50, 23, 20),
	(50, 24, 32),
	(50, 25, 16);

INSERT INTO measurement VALUES
    (1, 'kg'),
	(2, 'cups'),
	(3, 'tsp'),
	(4, 'tbsp'),
	(5, 'ml'),
	(6, 'g'),
	(7, 'gallon'),
	(8, 'quarts');

INSERT INTO user_allergy VALUES
    (14, 11),
	(24, 4),
	(9, 22),
	(12, 7),
	(21, 14),
	(16, 15),
	(15, 22),
	(6, 10),
	(17, 20),
	(2, 5),
	(11, 14),
	(19, 2),
	(7, 6),
	(3, 12),
	(23, 11),
	(4, 21),
	(13, 10),
	(10, 12),
	(18, 5),
	(5, 21),
	(1, 2),
	(20, 11),
	(22, 2),
	(25, 23),
	(8, 20);
